method	method_key	configuration_id	configuration_label	is_primary	source_file	metric	perplexity	n_neighbors	min_dist	pre_pca_components	k	silhouette	calinski_harabasz	davies_bouldin	inertia	min_cluster_size	max_cluster_size	cluster_size_ratio
MDS	mds	mds__primary	primary	True	analysis/mds/mds_scores.tsv.gz						3	0.3546605667820452	286.33831812433965	0.8922436386531968	1189766.3197410158	133	142	0.9366197183098591
PCA	pca	pca__primary	primary	True	analysis/pca/pca_scores.tsv.gz						2	0.39062140792779665	352.64315929977755	0.9535875357374693	433477.88132193335	168	244	0.6885245901639344
t-SNE	tsne	tsne__primary	primary	True	analysis/tsne/tsne_scores.tsv.gz						3	0.3980867502579753	356.0976704817963	0.8639618208217336	19276.506622644712	120	148	0.8108108108108109
t-SNE	tsne	tsne__metric-correlation__perplexity-15	metric=correlation, perplexity=15	False	analysis/tsne/tsne_sensitivity_scores.tsv.gz	correlation	15.0				2	0.45390749934741087	489.33970626284787	0.8485667232904184	110166.61575708585	190	222	0.8558558558558559
t-SNE	tsne	tsne__metric-correlation__perplexity-30	metric=correlation, perplexity=30	False	analysis/tsne/tsne_sensitivity_scores.tsv.gz	correlation	30.0				4	0.46491367347330315	568.6266099089768	0.728364526032226	15589.757616057279	84	126	0.6666666666666666
t-SNE	tsne	tsne__metric-correlation__perplexity-5	metric=correlation, perplexity=5	False	analysis/tsne/tsne_sensitivity_scores.tsv.gz	correlation	5.0				7	0.44695015134756777	469.3403680145939	0.7279370161945468	73887.0612800433	40	84	0.47619047619047616
t-SNE	tsne	tsne__metric-correlation__perplexity-50	metric=correlation, perplexity=50	False	analysis/tsne/tsne_sensitivity_scores.tsv.gz	correlation	50.0				3	0.4526422943223297	495.1820066420019	0.756874297386326	8023.962689557924	115	169	0.6804733727810651
t-SNE	tsne	tsne__metric-cosine__perplexity-15	metric=cosine, perplexity=15	False	analysis/tsne/tsne_sensitivity_scores.tsv.gz	cosine	15.0				2	0.4755141067430599	509.123757683814	0.8211487952913272	87805.10075557735	198	214	0.9252336448598131
t-SNE	tsne	tsne__metric-cosine__perplexity-30	metric=cosine, perplexity=30	False	analysis/tsne/tsne_sensitivity_scores.tsv.gz	cosine	30.0				3	0.4765483862706335	520.4308649563417	0.7657436071793006	19269.18934284663	105	159	0.660377358490566
t-SNE	tsne	tsne__metric-cosine__perplexity-5	metric=cosine, perplexity=5	False	analysis/tsne/tsne_sensitivity_scores.tsv.gz	cosine	5.0				3	0.46123902157759084	407.9634687199965	0.7286149305629666	191183.66162875528	74	183	0.40437158469945356
t-SNE	tsne	tsne__metric-cosine__perplexity-50	metric=cosine, perplexity=50	False	analysis/tsne/tsne_sensitivity_scores.tsv.gz	cosine	50.0				3	0.49432360290137883	567.7473335513115	0.7139783036836332	6707.013183373456	96	170	0.5647058823529412
t-SNE	tsne	tsne__metric-euclidean__perplexity-15	metric=euclidean, perplexity=15	False	analysis/tsne/tsne_sensitivity_scores.tsv.gz	euclidean	15.0				2	0.4315704476833474	435.90865319558776	0.8877098418320724	89276.13382207682	206	206	1.0
t-SNE	tsne	tsne__metric-euclidean__perplexity-30	metric=euclidean, perplexity=30	False	analysis/tsne/tsne_sensitivity_scores.tsv.gz	euclidean	30.0				3	0.3980867502579753	356.0976704817963	0.8639618208217336	19276.506622644712	120	148	0.8108108108108109
t-SNE	tsne	tsne__metric-euclidean__perplexity-5	metric=euclidean, perplexity=5	False	analysis/tsne/tsne_sensitivity_scores.tsv.gz	euclidean	5.0				5	0.41858752225494134	410.724547715289	0.7883739347298037	101241.75737537921	63	95	0.6631578947368421
t-SNE	tsne	tsne__metric-euclidean__perplexity-50	metric=euclidean, perplexity=50	False	analysis/tsne/tsne_sensitivity_scores.tsv.gz	euclidean	50.0				2	0.4304995587579204	420.2286189322359	0.9081084400919714	9889.764657095064	200	212	0.9433962264150944
UMAP	umap	umap__metric-euclidean__nn-15__mindist-0p1	metric=euclidean, n_neighbors=15, min_dist=0.1	True	analysis/umap/umap_sensitivity_scores.tsv.gz	euclidean		15.0	0.1		9	0.4345103321449337	474.3272630545646	0.74826196338767	192.98202598301066	19	61	0.3114754098360656
UMAP	umap	umap__metric-canberra__nn-15__mindist-0	metric=canberra, n_neighbors=15, min_dist=0	False	analysis/umap/umap_sensitivity_scores.tsv.gz	canberra		15.0	0.0		2	0.5476435185941734	747.1440277219132	0.6713255856179635	988.748237546726	186	226	0.8230088495575221
UMAP	umap	umap__metric-canberra__nn-15__mindist-0p1	metric=canberra, n_neighbors=15, min_dist=0.1	False	analysis/umap/umap_sensitivity_scores.tsv.gz	canberra		15.0	0.1		2	0.524226952171244	681.8000517082626	0.7026653439134056	1198.771399701721	178	234	0.7606837606837606
UMAP	umap	umap__metric-canberra__nn-15__mindist-0p5	metric=canberra, n_neighbors=15, min_dist=0.5	False	analysis/umap/umap_sensitivity_scores.tsv.gz	canberra		15.0	0.5		2	0.4580918681412188	476.0945904050482	0.8454990521542192	1971.005974748868	185	227	0.8149779735682819
UMAP	umap	umap__metric-canberra__nn-15__mindist-1	metric=canberra, n_neighbors=15, min_dist=1	False	analysis/umap/umap_sensitivity_scores.tsv.gz	canberra		15.0	1.0		2	0.4507094268946117	462.2286374638153	0.857450716151632	3405.2177658492355	182	230	0.7913043478260869
UMAP	umap	umap__metric-canberra__nn-30__mindist-0	metric=canberra, n_neighbors=30, min_dist=0	False	analysis/umap/umap_sensitivity_scores.tsv.gz	canberra		30.0	0.0		2	0.577806354706945	910.2062277297939	0.6102834706992579	824.2992656824865	183	229	0.7991266375545851
UMAP	umap	umap__metric-canberra__nn-30__mindist-0p1	metric=canberra, n_neighbors=30, min_dist=0.1	False	analysis/umap/umap_sensitivity_scores.tsv.gz	canberra		30.0	0.1		2	0.5494337225689435	780.6166108422735	0.6579014233125019	901.4958564938958	182	230	0.7913043478260869
UMAP	umap	umap__metric-canberra__nn-30__mindist-0p5	metric=canberra, n_neighbors=30, min_dist=0.5	False	analysis/umap/umap_sensitivity_scores.tsv.gz	canberra		30.0	0.5		2	0.4874886544472093	568.2467793991971	0.7783135785683901	1653.1751191620565	186	226	0.8230088495575221
UMAP	umap	umap__metric-canberra__nn-30__mindist-1	metric=canberra, n_neighbors=30, min_dist=1	False	analysis/umap/umap_sensitivity_scores.tsv.gz	canberra		30.0	1.0		2	0.4701596847215131	521.5933710696635	0.8077092767199151	2873.828179841536	179	233	0.7682403433476395
UMAP	umap	umap__metric-canberra__nn-50__mindist-0	metric=canberra, n_neighbors=50, min_dist=0	False	analysis/umap/umap_sensitivity_scores.tsv.gz	canberra		50.0	0.0		2	0.6104712244697201	1058.2366479396314	0.5389264446959878	757.7084307220707	159	253	0.6284584980237155
UMAP	umap	umap__metric-canberra__nn-50__mindist-0p1	metric=canberra, n_neighbors=50, min_dist=0.1	False	analysis/umap/umap_sensitivity_scores.tsv.gz	canberra		50.0	0.1		2	0.5755972560413841	895.1832008670332	0.6074639486223169	878.3964522134138	172	240	0.7166666666666667
UMAP	umap	umap__metric-canberra__nn-50__mindist-0p5	metric=canberra, n_neighbors=50, min_dist=0.5	False	analysis/umap/umap_sensitivity_scores.tsv.gz	canberra		50.0	0.5		2	0.5089617133253855	628.9939875334504	0.7291134522459379	1599.5493730315718	174	238	0.7310924369747899
UMAP	umap	umap__metric-canberra__nn-50__mindist-1	metric=canberra, n_neighbors=50, min_dist=1	False	analysis/umap/umap_sensitivity_scores.tsv.gz	canberra		50.0	1.0		2	0.47065732747074096	512.303682569753	0.8129316174780613	2678.294336491199	180	232	0.7758620689655172
UMAP	umap	umap__metric-canberra__nn-5__mindist-0	metric=canberra, n_neighbors=5, min_dist=0	False	analysis/umap/umap_sensitivity_scores.tsv.gz	canberra		5.0	0.0		2	0.6325737826109075	1082.2934374244617	0.5517824181069471	1742.9483290427802	200	212	0.9433962264150944
UMAP	umap	umap__metric-canberra__nn-5__mindist-0p1	metric=canberra, n_neighbors=5, min_dist=0.1	False	analysis/umap/umap_sensitivity_scores.tsv.gz	canberra		5.0	0.1		2	0.5876330834415922	887.1134120392195	0.5919131715869952	1759.5564263979138	172	240	0.7166666666666667
UMAP	umap	umap__metric-canberra__nn-5__mindist-0p5	metric=canberra, n_neighbors=5, min_dist=0.5	False	analysis/umap/umap_sensitivity_scores.tsv.gz	canberra		5.0	0.5		2	0.47152026564806465	485.46450177101366	0.8209425547284535	2795.2116557430445	178	234	0.7606837606837606
UMAP	umap	umap__metric-canberra__nn-5__mindist-1	metric=canberra, n_neighbors=5, min_dist=1	False	analysis/umap/umap_sensitivity_scores.tsv.gz	canberra		5.0	1.0		2	0.4341252574556918	401.96620619672143	0.9083215771979297	4862.21183828522	182	230	0.7913043478260869
UMAP	umap	umap__metric-cosine__nn-15__mindist-0	metric=cosine, n_neighbors=15, min_dist=0	False	analysis/umap/umap_sensitivity_scores.tsv.gz	cosine		15.0	0.0		3	0.5379282668488072	659.5449434148912	0.6489320368301467	739.8863795102666	78	187	0.41711229946524064
UMAP	umap	umap__metric-cosine__nn-15__mindist-0p1	metric=cosine, n_neighbors=15, min_dist=0.1	False	analysis/umap/umap_sensitivity_scores.tsv.gz	cosine		15.0	0.1		3	0.4918759297658693	526.5516523672653	0.6985474773873565	868.9155331592417	80	177	0.4519774011299435
UMAP	umap	umap__metric-cosine__nn-15__mindist-0p5	metric=cosine, n_neighbors=15, min_dist=0.5	False	analysis/umap/umap_sensitivity_scores.tsv.gz	cosine		15.0	0.5		3	0.43126904353079343	422.480404867273	0.8170926691834168	1401.840861185713	91	166	0.5481927710843374
UMAP	umap	umap__metric-cosine__nn-15__mindist-1	metric=cosine, n_neighbors=15, min_dist=1	False	analysis/umap/umap_sensitivity_scores.tsv.gz	cosine		15.0	1.0		3	0.4116195593535661	383.6538059207836	0.8317948375943228	2371.8642978853186	93	164	0.5670731707317073
UMAP	umap	umap__metric-cosine__nn-30__mindist-0	metric=cosine, n_neighbors=30, min_dist=0	False	analysis/umap/umap_sensitivity_scores.tsv.gz	cosine		30.0	0.0		2	0.5113986547075355	631.2007159661052	0.743837609368314	920.2790203128131	199	213	0.9342723004694836
UMAP	umap	umap__metric-cosine__nn-30__mindist-0p1	metric=cosine, n_neighbors=30, min_dist=0.1	False	analysis/umap/umap_sensitivity_scores.tsv.gz	cosine		30.0	0.1		2	0.4860061877060996	543.7640137717749	0.802869812445086	1006.13634949337	198	214	0.9252336448598131
UMAP	umap	umap__metric-cosine__nn-30__mindist-0p5	metric=cosine, n_neighbors=30, min_dist=0.5	False	analysis/umap/umap_sensitivity_scores.tsv.gz	cosine		30.0	0.5		2	0.4295304452129029	403.38302019345605	0.9262996431821464	1766.6802069799521	205	207	0.9903381642512077
UMAP	umap	umap__metric-cosine__nn-30__mindist-1	metric=cosine, n_neighbors=30, min_dist=1	False	analysis/umap/umap_sensitivity_scores.tsv.gz	cosine		30.0	1.0		2	0.41318477357849426	370.1146987635494	0.9629222501176478	3013.9459400921032	206	206	1.0
UMAP	umap	umap__metric-cosine__nn-50__mindist-0	metric=cosine, n_neighbors=50, min_dist=0	False	analysis/umap/umap_sensitivity_scores.tsv.gz	cosine		50.0	0.0		2	0.5705125641110892	775.0400699276752	0.5938155698056514	884.4990548038746	147	265	0.5547169811320755
UMAP	umap	umap__metric-cosine__nn-50__mindist-0p1	metric=cosine, n_neighbors=50, min_dist=0.1	False	analysis/umap/umap_sensitivity_scores.tsv.gz	cosine		50.0	0.1		2	0.4893815425738895	561.0071586766485	0.7925147641962618	949.1492517020368	202	210	0.9619047619047619
UMAP	umap	umap__metric-cosine__nn-50__mindist-0p5	metric=cosine, n_neighbors=50, min_dist=0.5	False	analysis/umap/umap_sensitivity_scores.tsv.gz	cosine		50.0	0.5		2	0.4524430145509084	472.29940235195113	0.8606397437470069	1661.5958684090187	204	208	0.9807692307692307
UMAP	umap	umap__metric-cosine__nn-50__mindist-1	metric=cosine, n_neighbors=50, min_dist=1	False	analysis/umap/umap_sensitivity_scores.tsv.gz	cosine		50.0	1.0		2	0.4258716095196372	406.35358224391626	0.9240941903635617	2817.181748114218	205	207	0.9903381642512077
UMAP	umap	umap__metric-cosine__nn-5__mindist-0	metric=cosine, n_neighbors=5, min_dist=0	False	analysis/umap/umap_sensitivity_scores.tsv.gz	cosine		5.0	0.0		3	0.5656209325281261	639.2615288707674	0.6113528040008833	1324.7513984316474	76	177	0.4293785310734463
UMAP	umap	umap__metric-cosine__nn-5__mindist-0p1	metric=cosine, n_neighbors=5, min_dist=0.1	False	analysis/umap/umap_sensitivity_scores.tsv.gz	cosine		5.0	0.1		3	0.5439817579600412	556.4550030214084	0.632485900370368	1350.005908446888	78	185	0.42162162162162165
UMAP	umap	umap__metric-cosine__nn-5__mindist-0p5	metric=cosine, n_neighbors=5, min_dist=0.5	False	analysis/umap/umap_sensitivity_scores.tsv.gz	cosine		5.0	0.5		3	0.4517999440413019	439.3049452997312	0.7689712005579029	2221.9256269901075	79	181	0.43646408839779005
UMAP	umap	umap__metric-cosine__nn-5__mindist-1	metric=cosine, n_neighbors=5, min_dist=1	False	analysis/umap/umap_sensitivity_scores.tsv.gz	cosine		5.0	1.0		4	0.41503825546317474	418.22594552099747	0.8243739486398232	2368.5949346300513	77	132	0.5833333333333334
UMAP	umap	umap__metric-euclidean__nn-15__mindist-0	metric=euclidean, n_neighbors=15, min_dist=0	False	analysis/umap/umap_sensitivity_scores.tsv.gz	euclidean		15.0	0.0		9	0.45041192220073106	528.897041483027	0.6997277911621999	155.22389497938292	17	63	0.2698412698412698
UMAP	umap	umap__metric-euclidean__nn-15__mindist-0p5	metric=euclidean, n_neighbors=15, min_dist=0.5	False	analysis/umap/umap_sensitivity_scores.tsv.gz	euclidean		15.0	0.5		5	0.3865785228950319	395.52001775433854	0.810574417704194	675.1482061037193	69	93	0.7419354838709677
UMAP	umap	umap__metric-euclidean__nn-15__mindist-1	metric=euclidean, n_neighbors=15, min_dist=1	False	analysis/umap/umap_sensitivity_scores.tsv.gz	euclidean		15.0	1.0		3	0.382166018638053	341.3311272983809	0.881594320542925	2095.9729858604064	123	160	0.76875
UMAP	umap	umap__metric-euclidean__nn-30__mindist-0	metric=euclidean, n_neighbors=30, min_dist=0	False	analysis/umap/umap_sensitivity_scores.tsv.gz	euclidean		30.0	0.0		4	0.4314497423798119	455.7086712348621	0.7584061725679224	328.0176665933159	83	116	0.7155172413793104
UMAP	umap	umap__metric-euclidean__nn-30__mindist-0p1	metric=euclidean, n_neighbors=30, min_dist=0.1	False	analysis/umap/umap_sensitivity_scores.tsv.gz	euclidean		30.0	0.1		5	0.42966673093889457	475.6137722866258	0.766351374986318	293.53799064908253	75	93	0.8064516129032258
UMAP	umap	umap__metric-euclidean__nn-30__mindist-0p5	metric=euclidean, n_neighbors=30, min_dist=0.5	False	analysis/umap/umap_sensitivity_scores.tsv.gz	euclidean		30.0	0.5		5	0.3973767461620564	422.55528210595605	0.7913215938755719	563.1189722181741	76	93	0.8172043010752689
UMAP	umap	umap__metric-euclidean__nn-30__mindist-1	metric=euclidean, n_neighbors=30, min_dist=1	False	analysis/umap/umap_sensitivity_scores.tsv.gz	euclidean		30.0	1.0		2	0.39016288186006	352.307291682571	0.994959420043502	2663.406087683164	194	218	0.8899082568807339
UMAP	umap	umap__metric-euclidean__nn-50__mindist-0	metric=euclidean, n_neighbors=50, min_dist=0	False	analysis/umap/umap_sensitivity_scores.tsv.gz	euclidean		50.0	0.0		6	0.43180389189327056	519.5235786771107	0.7761314056619231	179.6856832530657	50	78	0.6410256410256411
UMAP	umap	umap__metric-euclidean__nn-50__mindist-0p1	metric=euclidean, n_neighbors=50, min_dist=0.1	False	analysis/umap/umap_sensitivity_scores.tsv.gz	euclidean		50.0	0.1		5	0.4214585845210684	479.59995585783065	0.7673214114671707	269.478304615116	74	89	0.8314606741573034
UMAP	umap	umap__metric-euclidean__nn-50__mindist-0p5	metric=euclidean, n_neighbors=50, min_dist=0.5	False	analysis/umap/umap_sensitivity_scores.tsv.gz	euclidean		50.0	0.5		2	0.39497987594939216	359.6974262921499	0.9867895068801128	1410.6461301301395	197	215	0.9162790697674419
UMAP	umap	umap__metric-euclidean__nn-50__mindist-1	metric=euclidean, n_neighbors=50, min_dist=1	False	analysis/umap/umap_sensitivity_scores.tsv.gz	euclidean		50.0	1.0		2	0.38458260503479924	340.5034464796215	1.0109981801536703	2462.594960961693	200	212	0.9433962264150944
UMAP	umap	umap__metric-euclidean__nn-5__mindist-0	metric=euclidean, n_neighbors=5, min_dist=0	False	analysis/umap/umap_sensitivity_scores.tsv.gz	euclidean		5.0	0.0		9	0.5098130474308911	629.8855598250202	0.6834378153956983	222.41419439573951	23	59	0.3898305084745763
UMAP	umap	umap__metric-euclidean__nn-5__mindist-0p1	metric=euclidean, n_neighbors=5, min_dist=0.1	False	analysis/umap/umap_sensitivity_scores.tsv.gz	euclidean		5.0	0.1		9	0.46377104594338586	510.6752296305556	0.6955863058978297	292.2415143971597	5	59	0.0847457627118644
UMAP	umap	umap__metric-euclidean__nn-5__mindist-0p5	metric=euclidean, n_neighbors=5, min_dist=0.5	False	analysis/umap/umap_sensitivity_scores.tsv.gz	euclidean		5.0	0.5		6	0.4038283459620581	391.4726521861437	0.7708813044523307	821.7394422103098	57	93	0.6129032258064516
UMAP	umap	umap__metric-euclidean__nn-5__mindist-1	metric=euclidean, n_neighbors=5, min_dist=1	False	analysis/umap/umap_sensitivity_scores.tsv.gz	euclidean		5.0	1.0		6	0.3773542755885128	348.99986491730454	0.8031650364893164	1460.7602365256303	53	84	0.6309523809523809
