test_id	method	method_key	configuration_id	configuration_label	is_primary	k	metric	perplexity	n_neighbors	min_dist	pre_pca_components	analysis_scope	variable	status	n	n_clusters	test	statistic	p_value	epsilon_squared	q_value	q_value_family	q_value_scope	q_value_family_scope
continuous::mds__primary::age_at_initial_pathologic_diagnosis	MDS	mds	mds__primary	primary	True	3						primary	age_at_initial_pathologic_diagnosis	ok	407	3	kruskal_wallis	0.8624648446416151	0.6497078866098831	0.0	0.6919515723452462	0.6497078866098831	0.6497078866098831	0.6497078866098831
continuous::pca__primary::age_at_initial_pathologic_diagnosis	PCA	pca	pca__primary	primary	True	2						primary	age_at_initial_pathologic_diagnosis	ok	407	2	kruskal_wallis	6.44784349631511	0.011108709921859994	0.013451465423000271	0.02621911650145053	0.024994597324184988	0.024068871497363323	0.01481161322914666
continuous::tsne__primary::age_at_initial_pathologic_diagnosis	t-SNE	tsne	tsne__primary	primary	True	3						primary	age_at_initial_pathologic_diagnosis	ok	407	3	kruskal_wallis	14.933922434715067	0.0005716628191770473	0.03201465949186898	0.003468087769674087	0.005713134558058081	0.002972646659720646	0.0011433256383540946
continuous::tsne__metric-correlation__perplexity-15::age_at_initial_pathologic_diagnosis	t-SNE	tsne	tsne__metric-correlation__perplexity-15	metric=correlation, perplexity=15	False	2	correlation	15.0				sensitivity	age_at_initial_pathologic_diagnosis	ok	407	2	kruskal_wallis	3.800540226786281	0.0512360495104299	0.006914914140213039	0.0764341066467069	0.06571985900529943	0.07586496134073308	0.06547571228153776
continuous::tsne__metric-correlation__perplexity-30::age_at_initial_pathologic_diagnosis	t-SNE	tsne	tsne__metric-correlation__perplexity-30	metric=correlation, perplexity=30	False	4	correlation	30.0				sensitivity	age_at_initial_pathologic_diagnosis	ok	407	4	kruskal_wallis	7.634253757414649	0.05420741004811446	0.011499388976215011	0.08013694734549773	0.06696209476531786	0.07949729160019846	0.06662994151747402
continuous::tsne__metric-correlation__perplexity-5::age_at_initial_pathologic_diagnosis	t-SNE	tsne	tsne__metric-correlation__perplexity-5	metric=correlation, perplexity=5	False	7	correlation	5.0				sensitivity	age_at_initial_pathologic_diagnosis	ok	407	7	kruskal_wallis	19.639384487488183	0.0032096357101479727	0.034098461218720455	0.012226472774935767	0.013550921503573657	0.012370806983334147	0.014642937155876298
continuous::tsne__metric-correlation__perplexity-50::age_at_initial_pathologic_diagnosis	t-SNE	tsne	tsne__metric-correlation__perplexity-50	metric=correlation, perplexity=50	False	3	correlation	50.0				sensitivity	age_at_initial_pathologic_diagnosis	ok	407	3	kruskal_wallis	14.223752434605004	0.0008153637565010678	0.030256812956943078	0.004486152639548963	0.005713134558058081	0.004503570612569936	0.006879080386233199
continuous::tsne__metric-cosine__perplexity-15::age_at_initial_pathologic_diagnosis	t-SNE	tsne	tsne__metric-cosine__perplexity-15	metric=cosine, perplexity=15	False	2	cosine	15.0				sensitivity	age_at_initial_pathologic_diagnosis	ok	407	2	kruskal_wallis	3.7706737811910926	0.05215861825817415	0.0068411698301014635	0.07766892427899023	0.06571985900529943	0.07708219692489321	0.06547571228153776
continuous::tsne__metric-cosine__perplexity-30::age_at_initial_pathologic_diagnosis	t-SNE	tsne	tsne__metric-cosine__perplexity-30	metric=cosine, perplexity=30	False	3	cosine	30.0				sensitivity	age_at_initial_pathologic_diagnosis	ok	407	3	kruskal_wallis	6.303302396219818	0.04278142790121423	0.010651738604504501	0.0667390275258942	0.059893999061699926	0.06628960646511377	0.060097720146943805
continuous::tsne__metric-cosine__perplexity-5::age_at_initial_pathologic_diagnosis	t-SNE	tsne	tsne__metric-cosine__perplexity-5	metric=cosine, perplexity=5	False	3	cosine	5.0				sensitivity	age_at_initial_pathologic_diagnosis	ok	407	3	kruskal_wallis	2.0309697075643474	0.36222676023419315	7.66576919909588e-05	0.4045325804823798	0.3680691273347446	0.4030063936132951	0.36222676023419315
continuous::tsne__metric-cosine__perplexity-50::age_at_initial_pathologic_diagnosis	t-SNE	tsne	tsne__metric-cosine__perplexity-50	metric=cosine, perplexity=50	False	3	cosine	50.0				sensitivity	age_at_initial_pathologic_diagnosis	ok	407	3	kruskal_wallis	2.795637067290142	0.24713549410082153	0.0019693986814112428	0.2869406288713929	0.2594922688058626	0.2848616462893608	0.2558069149464644
continuous::tsne__metric-euclidean__perplexity-15::age_at_initial_pathologic_diagnosis	t-SNE	tsne	tsne__metric-euclidean__perplexity-15	metric=euclidean, perplexity=15	False	2	euclidean	15.0				sensitivity	age_at_initial_pathologic_diagnosis	ok	407	2	kruskal_wallis	7.502322567074517	0.00616194766360799	0.016055117449566707	0.01822969997522748	0.01966546441275651	0.018227524333745772	0.020091123815630028
continuous::tsne__metric-euclidean__perplexity-30::age_at_initial_pathologic_diagnosis	t-SNE	tsne	tsne__metric-euclidean__perplexity-30	metric=euclidean, perplexity=30	False	3	euclidean	30.0				sensitivity	age_at_initial_pathologic_diagnosis	ok	407	3	kruskal_wallis	14.933922434715067	0.0005716628191770473	0.03201465949186898	0.003468087769674087	0.005713134558058081	0.003507723058470362	0.006879080386233199
continuous::tsne__metric-euclidean__perplexity-5::age_at_initial_pathologic_diagnosis	t-SNE	tsne	tsne__metric-euclidean__perplexity-5	metric=euclidean, perplexity=5	False	5	euclidean	5.0				sensitivity	age_at_initial_pathologic_diagnosis	ok	407	5	kruskal_wallis	15.850544123893483	0.003226409881803252	0.029478965482322098	0.01223347080183733	0.013550921503573657	0.01237328189671547	0.014642937155876298
continuous::tsne__metric-euclidean__perplexity-50::age_at_initial_pathologic_diagnosis	t-SNE	tsne	tsne__metric-euclidean__perplexity-50	metric=euclidean, perplexity=50	False	2	euclidean	50.0				sensitivity	age_at_initial_pathologic_diagnosis	ok	407	2	kruskal_wallis	6.182701833551737	0.012900514185436756	0.01279679465074503	0.029026156917232704	0.026400518134294254	0.029187889027227118	0.027373326342190585
continuous::umap__metric-euclidean__nn-15__mindist-0p1::age_at_initial_pathologic_diagnosis	UMAP	umap	umap__metric-euclidean__nn-15__mindist-0p1	metric=euclidean, n_neighbors=15, min_dist=0.1	True	9	euclidean		15.0	0.1		primary	age_at_initial_pathologic_diagnosis	ok	407	9	kruskal_wallis	30.905527874180184	0.0001460477080536794	0.057551577573317046	0.0014753805995557645	0.0046005028036909005	0.0012573756303270506	0.0005841908322147176
continuous::umap__metric-canberra__nn-15__mindist-0::age_at_initial_pathologic_diagnosis	UMAP	umap	umap__metric-canberra__nn-15__mindist-0	metric=canberra, n_neighbors=15, min_dist=0	False	2	canberra		15.0	0.0		sensitivity	age_at_initial_pathologic_diagnosis	ok	407	2	kruskal_wallis	7.4884714451102905	0.006209524336173983	0.01602091714842047	0.01822969997522748	0.01966546441275651	0.018227524333745772	0.020091123815630028
continuous::umap__metric-canberra__nn-15__mindist-0p1::age_at_initial_pathologic_diagnosis	UMAP	umap	umap__metric-canberra__nn-15__mindist-0p1	metric=canberra, n_neighbors=15, min_dist=0.1	False	2	canberra		15.0	0.1		sensitivity	age_at_initial_pathologic_diagnosis	ok	407	2	kruskal_wallis	4.879441392780236	0.027178413466283472	0.009578867636494409	0.04957487890620526	0.04425323591576003	0.04951506681387036	0.04489713220553961
continuous::umap__metric-canberra__nn-15__mindist-0p5::age_at_initial_pathologic_diagnosis	UMAP	umap	umap__metric-canberra__nn-15__mindist-0p5	metric=canberra, n_neighbors=15, min_dist=0.5	False	2	canberra		15.0	0.5		sensitivity	age_at_initial_pathologic_diagnosis	ok	407	2	kruskal_wallis	4.865751783280279	0.02739486032880383	0.009545066131556245	0.04974809447736217	0.04425323591576003	0.04967342286570341	0.04489713220553961
continuous::umap__metric-canberra__nn-15__mindist-1::age_at_initial_pathologic_diagnosis	UMAP	umap	umap__metric-canberra__nn-15__mindist-1	metric=canberra, n_neighbors=15, min_dist=1	False	2	canberra		15.0	1.0		sensitivity	age_at_initial_pathologic_diagnosis	ok	407	2	kruskal_wallis	3.3532492117180164	0.06707249859708361	0.005810491880785225	0.09454797995010582	0.08126091176185131	0.09370602263016964	0.08076076361689659
continuous::umap__metric-canberra__nn-30__mindist-0::age_at_initial_pathologic_diagnosis	UMAP	umap	umap__metric-canberra__nn-30__mindist-0	metric=canberra, n_neighbors=30, min_dist=0	False	2	canberra		30.0	0.0		sensitivity	age_at_initial_pathologic_diagnosis	ok	407	2	kruskal_wallis	6.170371705350818	0.012990731145446379	0.012766349889755106	0.029069422973007065	0.026400518134294254	0.029219621080813413	0.027373326342190585
continuous::umap__metric-canberra__nn-30__mindist-0p1::age_at_initial_pathologic_diagnosis	UMAP	umap	umap__metric-canberra__nn-30__mindist-0p1	metric=canberra, n_neighbors=30, min_dist=0.1	False	2	canberra		30.0	0.1		sensitivity	age_at_initial_pathologic_diagnosis	ok	407	2	kruskal_wallis	6.367568442817024	0.011622474420428837	0.013253255414363023	0.026889284040483664	0.02524882374093161	0.02701344812263308	0.02637407656943467
continuous::umap__metric-canberra__nn-30__mindist-0p5::age_at_initial_pathologic_diagnosis	UMAP	umap	umap__metric-canberra__nn-30__mindist-0p5	metric=canberra, n_neighbors=30, min_dist=0.5	False	2	canberra		30.0	0.5		sensitivity	age_at_initial_pathologic_diagnosis	ok	407	2	kruskal_wallis	6.611320953505045	0.010133246680874676	0.013855113465444555	0.024481206582998113	0.023927866467346865	0.024595570266553405	0.02420132779840226
continuous::umap__metric-canberra__nn-30__mindist-1::age_at_initial_pathologic_diagnosis	UMAP	umap	umap__metric-canberra__nn-30__mindist-1	metric=canberra, n_neighbors=30, min_dist=1	False	2	canberra		30.0	1.0		sensitivity	age_at_initial_pathologic_diagnosis	ok	407	2	kruskal_wallis	4.646243087646683	0.031121589245947528	0.009003069352214031	0.054231024664746864	0.04782097859743157	0.05400511075032071	0.04832036225028695
continuous::umap__metric-canberra__nn-50__mindist-0::age_at_initial_pathologic_diagnosis	UMAP	umap	umap__metric-canberra__nn-50__mindist-0	metric=canberra, n_neighbors=50, min_dist=0	False	2	canberra		50.0	0.0		sensitivity	age_at_initial_pathologic_diagnosis	ok	407	2	kruskal_wallis	5.405012565269284	0.020079004035375023	0.0108765742352328	0.039154057868981296	0.03614220726367504	0.039087807348052395	0.0370206636902227
continuous::umap__metric-canberra__nn-50__mindist-0p1::age_at_initial_pathologic_diagnosis	UMAP	umap	umap__metric-canberra__nn-50__mindist-0p1	metric=canberra, n_neighbors=50, min_dist=0.1	False	2	canberra		50.0	0.1		sensitivity	age_at_initial_pathologic_diagnosis	ok	407	2	kruskal_wallis	5.056331521509636	0.02453612192935141	0.010015633386443545	0.04619559508077886	0.041777721122949696	0.0461199849558337	0.04257738805387451
continuous::umap__metric-canberra__nn-50__mindist-0p5::age_at_initial_pathologic_diagnosis	UMAP	umap	umap__metric-canberra__nn-50__mindist-0p5	metric=canberra, n_neighbors=50, min_dist=0.5	False	2	canberra		50.0	0.5		sensitivity	age_at_initial_pathologic_diagnosis	ok	407	2	kruskal_wallis	5.535204060359785	0.01863759184944424	0.011198034716937741	0.03752447405836648	0.035580857167120825	0.0375338294495553	0.03665393063724034
continuous::umap__metric-canberra__nn-50__mindist-1::age_at_initial_pathologic_diagnosis	UMAP	umap	umap__metric-canberra__nn-50__mindist-1	metric=canberra, n_neighbors=50, min_dist=1	False	2	canberra		50.0	1.0		sensitivity	age_at_initial_pathologic_diagnosis	ok	407	2	kruskal_wallis	5.311212472226732	0.02118860516232666	0.010644969067226498	0.041024746165355876	0.037080059034071654	0.04093617168640944	0.03788265771446281
continuous::umap__metric-canberra__nn-5__mindist-0::age_at_initial_pathologic_diagnosis	UMAP	umap	umap__metric-canberra__nn-5__mindist-0	metric=canberra, n_neighbors=5, min_dist=0	False	2	canberra		5.0	0.0		sensitivity	age_at_initial_pathologic_diagnosis	ok	407	2	kruskal_wallis	7.241891958974513	0.007122189151949568	0.01541207891104818	0.01942933879548503	0.01966546441275651	0.01942168342164914	0.020091123815630028
continuous::umap__metric-canberra__nn-5__mindist-0p1::age_at_initial_pathologic_diagnosis	UMAP	umap	umap__metric-canberra__nn-5__mindist-0p1	metric=canberra, n_neighbors=5, min_dist=0.1	False	2	canberra		5.0	0.1		sensitivity	age_at_initial_pathologic_diagnosis	ok	407	2	kruskal_wallis	7.253739949318381	0.0070753500253532145	0.015441333208193533	0.019380306591184893	0.01966546441275651	0.01938140524802113	0.020091123815630028
continuous::umap__metric-canberra__nn-5__mindist-0p5::age_at_initial_pathologic_diagnosis	UMAP	umap	umap__metric-canberra__nn-5__mindist-0p5	metric=canberra, n_neighbors=5, min_dist=0.5	False	2	canberra		5.0	0.5		sensitivity	age_at_initial_pathologic_diagnosis	ok	407	2	kruskal_wallis	8.121043209103698	0.0043754373941890705	0.01758282273852765	0.014695096103130887	0.016214856225524203	0.014848553664775947	0.01721005375047701
continuous::umap__metric-canberra__nn-5__mindist-1::age_at_initial_pathologic_diagnosis	UMAP	umap	umap__metric-canberra__nn-5__mindist-1	metric=canberra, n_neighbors=5, min_dist=1	False	2	canberra		5.0	1.0		sensitivity	age_at_initial_pathologic_diagnosis	ok	407	2	kruskal_wallis	7.151147129431208	0.007491605490573909	0.015188017603533846	0.02004446460515727	0.01966546441275651	0.020079939571551	0.020091123815630028
continuous::umap__metric-cosine__nn-15__mindist-0::age_at_initial_pathologic_diagnosis	UMAP	umap	umap__metric-cosine__nn-15__mindist-0	metric=cosine, n_neighbors=15, min_dist=0	False	3	cosine		15.0	0.0		sensitivity	age_at_initial_pathologic_diagnosis	ok	407	3	kruskal_wallis	4.696668146333858	0.09552817267505234	0.006674921154291727	0.12610311269294178	0.11144953478756106	0.12472443434717347	0.11051298407506055
continuous::umap__metric-cosine__nn-15__mindist-0p1::age_at_initial_pathologic_diagnosis	UMAP	umap	umap__metric-cosine__nn-15__mindist-0p1	metric=cosine, n_neighbors=15, min_dist=0.1	False	3	cosine		15.0	0.1		sensitivity	age_at_initial_pathologic_diagnosis	ok	407	3	kruskal_wallis	2.5463862969592754	0.2799363148968947	0.0013524413291071174	0.32065432433644303	0.28911455472957975	0.3185625423233208	0.2847628030847722
continuous::umap__metric-cosine__nn-15__mindist-0p5::age_at_initial_pathologic_diagnosis	UMAP	umap	umap__metric-cosine__nn-15__mindist-0p5	metric=cosine, n_neighbors=15, min_dist=0.5	False	3	cosine		15.0	0.5		sensitivity	age_at_initial_pathologic_diagnosis	ok	407	3	kruskal_wallis	2.977717949500761	0.2256299581964812	0.002420093934407824	0.2643647149684093	0.24092690451488671	0.26181267463948726	0.23771727738557843
continuous::umap__metric-cosine__nn-15__mindist-1::age_at_initial_pathologic_diagnosis	UMAP	umap	umap__metric-cosine__nn-15__mindist-1	metric=cosine, n_neighbors=15, min_dist=1	False	3	cosine		15.0	1.0		sensitivity	age_at_initial_pathologic_diagnosis	ok	407	3	kruskal_wallis	4.273765476245533	0.11802217621802949	0.005628132366944388	0.1500934197555375	0.1327749482452832	0.1481554978056115	0.13138317729931584
continuous::umap__metric-cosine__nn-30__mindist-0::age_at_initial_pathologic_diagnosis	UMAP	umap	umap__metric-cosine__nn-30__mindist-0	metric=cosine, n_neighbors=30, min_dist=0	False	2	cosine		30.0	0.0		sensitivity	age_at_initial_pathologic_diagnosis	ok	407	2	kruskal_wallis	3.982140509349474	0.045985091113006804	0.00736330989962833	0.07077572171476706	0.0629795813069441	0.07023522739008109	0.06309582268993957
continuous::umap__metric-cosine__nn-30__mindist-0p1::age_at_initial_pathologic_diagnosis	UMAP	umap	umap__metric-cosine__nn-30__mindist-0p1	metric=cosine, n_neighbors=30, min_dist=0.1	False	2	cosine		30.0	0.1		sensitivity	age_at_initial_pathologic_diagnosis	ok	407	2	kruskal_wallis	4.591072001063297	0.03213890705855285	0.008866844447069868	0.05541424185464165	0.04820836058782928	0.05539447576159559	0.04862039785781073
continuous::umap__metric-cosine__nn-30__mindist-0p5::age_at_initial_pathologic_diagnosis	UMAP	umap	umap__metric-cosine__nn-30__mindist-0p5	metric=cosine, n_neighbors=30, min_dist=0.5	False	2	cosine		30.0	0.5		sensitivity	age_at_initial_pathologic_diagnosis	ok	407	2	kruskal_wallis	4.256943925508401	0.039090185245059965	0.008041836853107163	0.06228997178776372	0.055970037964517674	0.06193598213817621	0.05625172998679361
continuous::umap__metric-cosine__nn-30__mindist-1::age_at_initial_pathologic_diagnosis	UMAP	umap	umap__metric-cosine__nn-30__mindist-1	metric=cosine, n_neighbors=30, min_dist=1	False	2	cosine		30.0	1.0		sensitivity	age_at_initial_pathologic_diagnosis	ok	407	2	kruskal_wallis	3.9011189248593516	0.04825395983496535	0.007163256604590992	0.07345723625434317	0.06333332228339203	0.07285588030200477	0.06326630289473235
continuous::umap__metric-cosine__nn-50__mindist-0::age_at_initial_pathologic_diagnosis	UMAP	umap	umap__metric-cosine__nn-50__mindist-0	metric=cosine, n_neighbors=50, min_dist=0	False	2	cosine		50.0	0.0		sensitivity	age_at_initial_pathologic_diagnosis	ok	407	2	kruskal_wallis	4.3855962981901335	0.03624381207755658	0.008359497032568232	0.059486336856751185	0.05310139909037359	0.05927292934645181	0.05345962281439596
continuous::umap__metric-cosine__nn-50__mindist-0p1::age_at_initial_pathologic_diagnosis	UMAP	umap	umap__metric-cosine__nn-50__mindist-0p1	metric=cosine, n_neighbors=50, min_dist=0.1	False	2	cosine		50.0	0.1		sensitivity	age_at_initial_pathologic_diagnosis	ok	407	2	kruskal_wallis	4.781463980684521	0.02876765399222812	0.009336948100455607	0.05166822065709393	0.04530905503775929	0.05155324909354899	0.045872745555174566
continuous::umap__metric-cosine__nn-50__mindist-0p5::age_at_initial_pathologic_diagnosis	UMAP	umap	umap__metric-cosine__nn-50__mindist-0p5	metric=cosine, n_neighbors=50, min_dist=0.5	False	2	cosine		50.0	0.5		sensitivity	age_at_initial_pathologic_diagnosis	ok	407	2	kruskal_wallis	5.418367046141675	0.019925987520550803	0.010909548262078211	0.03894840997453725	0.03614220726367504	0.038888632132983374	0.0370206636902227
continuous::umap__metric-cosine__nn-50__mindist-1::age_at_initial_pathologic_diagnosis	UMAP	umap	umap__metric-cosine__nn-50__mindist-1	metric=cosine, n_neighbors=50, min_dist=1	False	2	cosine		50.0	1.0		sensitivity	age_at_initial_pathologic_diagnosis	ok	407	2	kruskal_wallis	3.929481505174045	0.04744657081019606	0.007233287667096407	0.07263316167018799	0.06333332228339203	0.07206241546815917	0.06326630289473235
continuous::umap__metric-cosine__nn-5__mindist-0::age_at_initial_pathologic_diagnosis	UMAP	umap	umap__metric-cosine__nn-5__mindist-0	metric=cosine, n_neighbors=5, min_dist=0	False	3	cosine		5.0	0.0		sensitivity	age_at_initial_pathologic_diagnosis	ok	407	3	kruskal_wallis	2.9842213981529726	0.22489746335379715	0.0024361915795865657	0.26418613125512436	0.24092690451488671	0.2616573654965977	0.23771727738557843
continuous::umap__metric-cosine__nn-5__mindist-0p1::age_at_initial_pathologic_diagnosis	UMAP	umap	umap__metric-cosine__nn-5__mindist-0p1	metric=cosine, n_neighbors=5, min_dist=0.1	False	3	cosine		5.0	0.1		sensitivity	age_at_initial_pathologic_diagnosis	ok	407	3	kruskal_wallis	4.371815178669293	0.11237569637381761	0.005870829650171518	0.14402600499853851	0.12872125221000927	0.14220236745613327	0.12750319396260076
continuous::umap__metric-cosine__nn-5__mindist-0p5::age_at_initial_pathologic_diagnosis	UMAP	umap	umap__metric-cosine__nn-5__mindist-0p5	metric=cosine, n_neighbors=5, min_dist=0.5	False	3	cosine		5.0	0.5		sensitivity	age_at_initial_pathologic_diagnosis	ok	407	3	kruskal_wallis	3.569323168000078	0.1678538558199706	0.003884463287128906	0.2033614022434259	0.18552268274838854	0.201162355334246	0.18339587950700492
continuous::umap__metric-cosine__nn-5__mindist-1::age_at_initial_pathologic_diagnosis	UMAP	umap	umap__metric-cosine__nn-5__mindist-1	metric=cosine, n_neighbors=5, min_dist=1	False	4	cosine		5.0	1.0		sensitivity	age_at_initial_pathologic_diagnosis	ok	407	4	kruskal_wallis	6.794537503817398	0.07874303159410517	0.009415725815924064	0.1069494906725906	0.09360020736657784	0.10595772847838363	0.09291677728104411
continuous::umap__metric-euclidean__nn-15__mindist-0::age_at_initial_pathologic_diagnosis	UMAP	umap	umap__metric-euclidean__nn-15__mindist-0	metric=euclidean, n_neighbors=15, min_dist=0	False	9	euclidean		15.0	0.0		sensitivity	age_at_initial_pathologic_diagnosis	ok	407	9	kruskal_wallis	28.027823283427654	0.0004689869574050849	0.0503211640287127	0.003000783735271598	0.005713134558058081	0.003022798288484875	0.006879080386233199
continuous::umap__metric-euclidean__nn-15__mindist-0p5::age_at_initial_pathologic_diagnosis	UMAP	umap	umap__metric-euclidean__nn-15__mindist-0p5	metric=euclidean, n_neighbors=15, min_dist=0.5	False	5	euclidean		15.0	0.5		sensitivity	age_at_initial_pathologic_diagnosis	ok	407	5	kruskal_wallis	17.190132538152557	0.0017752442977065934	0.03281127497052875	0.008308143313266857	0.009320032562959615	0.008252196220248226	0.0104739413564689
continuous::umap__metric-euclidean__nn-15__mindist-1::age_at_initial_pathologic_diagnosis	UMAP	umap	umap__metric-euclidean__nn-15__mindist-1	metric=euclidean, n_neighbors=15, min_dist=1	False	3	euclidean		15.0	1.0		sensitivity	age_at_initial_pathologic_diagnosis	ok	407	3	kruskal_wallis	9.993980655012454	0.006758256560066088	0.019787080829238746	0.018949189791954753	0.01966546441275651	0.018907627355470233	0.020091123815630028
continuous::umap__metric-euclidean__nn-30__mindist-0::age_at_initial_pathologic_diagnosis	UMAP	umap	umap__metric-euclidean__nn-30__mindist-0	metric=euclidean, n_neighbors=30, min_dist=0	False	4	euclidean		30.0	0.0		sensitivity	age_at_initial_pathologic_diagnosis	ok	407	4	kruskal_wallis	10.047963613292515	0.01816279636012308	0.017488743457301524	0.03728152937077895	0.035580857167120825	0.03734816302470349	0.03665393063724034
continuous::umap__metric-euclidean__nn-30__mindist-0p1::age_at_initial_pathologic_diagnosis	UMAP	umap	umap__metric-euclidean__nn-30__mindist-0p1	metric=euclidean, n_neighbors=30, min_dist=0.1	False	5	euclidean		30.0	0.1		sensitivity	age_at_initial_pathologic_diagnosis	ok	407	5	kruskal_wallis	18.91658566345112	0.000816162079722583	0.03710593448619681	0.004486152639548963	0.005713134558058081	0.004503570612569936	0.006879080386233199
continuous::umap__metric-euclidean__nn-30__mindist-0p5::age_at_initial_pathologic_diagnosis	UMAP	umap	umap__metric-euclidean__nn-30__mindist-0p5	metric=euclidean, n_neighbors=30, min_dist=0.5	False	5	euclidean		30.0	0.5		sensitivity	age_at_initial_pathologic_diagnosis	ok	407	5	kruskal_wallis	19.206385819634654	0.0007158515562659779	0.03782683039710113	0.004099877094977874	0.005713134558058081	0.004128256719218083	0.006879080386233199
continuous::umap__metric-euclidean__nn-30__mindist-1::age_at_initial_pathologic_diagnosis	UMAP	umap	umap__metric-euclidean__nn-30__mindist-1	metric=euclidean, n_neighbors=30, min_dist=1	False	2	euclidean		30.0	1.0		sensitivity	age_at_initial_pathologic_diagnosis	ok	407	2	kruskal_wallis	6.854703059603878	0.008840824809587828	0.014456056937293526	0.022388962415752382	0.022278878520161326	0.022415849745303463	0.022678637555029645
continuous::umap__metric-euclidean__nn-50__mindist-0::age_at_initial_pathologic_diagnosis	UMAP	umap	umap__metric-euclidean__nn-50__mindist-0	metric=euclidean, n_neighbors=50, min_dist=0	False	6	euclidean		50.0	0.0		sensitivity	age_at_initial_pathologic_diagnosis	ok	407	6	kruskal_wallis	25.32109759300117	0.00012078482875516984	0.050676053847883214	0.0014753805995557645	0.0046005028036909005	0.0014890225838327478	0.006879080386233199
continuous::umap__metric-euclidean__nn-50__mindist-0p1::age_at_initial_pathologic_diagnosis	UMAP	umap	umap__metric-euclidean__nn-50__mindist-0p1	metric=euclidean, n_neighbors=50, min_dist=0.1	False	5	euclidean		50.0	0.1		sensitivity	age_at_initial_pathologic_diagnosis	ok	407	5	kruskal_wallis	18.396872407992603	0.0010320565583792148	0.03581311544276767	0.005418296931490878	0.006501956317789053	0.0054218313717593	0.007611417118046709
continuous::umap__metric-euclidean__nn-50__mindist-0p5::age_at_initial_pathologic_diagnosis	UMAP	umap	umap__metric-euclidean__nn-50__mindist-0p5	metric=euclidean, n_neighbors=50, min_dist=0.5	False	2	euclidean		50.0	0.5		sensitivity	age_at_initial_pathologic_diagnosis	ok	407	2	kruskal_wallis	8.27511494319608	0.004019211810881221	0.017963246773323654	0.014188510659964309	0.015825646505344806	0.014405305882924749	0.016938106917285145
continuous::umap__metric-euclidean__nn-50__mindist-1::age_at_initial_pathologic_diagnosis	UMAP	umap	umap__metric-euclidean__nn-50__mindist-1	metric=euclidean, n_neighbors=50, min_dist=1	False	2	euclidean		50.0	1.0		sensitivity	age_at_initial_pathologic_diagnosis	ok	407	2	kruskal_wallis	6.590089790361172	0.010254799914577228	0.013802690840397955	0.024557547163855994	0.023927866467346865	0.02465652518645998	0.02420132779840226
continuous::umap__metric-euclidean__nn-5__mindist-0::age_at_initial_pathologic_diagnosis	UMAP	umap	umap__metric-euclidean__nn-5__mindist-0	metric=euclidean, n_neighbors=5, min_dist=0	False	9	euclidean		5.0	0.0		sensitivity	age_at_initial_pathologic_diagnosis	ok	407	9	kruskal_wallis	20.947116644859115	0.007289243894169741	0.03253044383130431	0.019767850163327872	0.01966546441275651	0.019755653946389368	0.020091123815630028
continuous::umap__metric-euclidean__nn-5__mindist-0p1::age_at_initial_pathologic_diagnosis	UMAP	umap	umap__metric-euclidean__nn-5__mindist-0p1	metric=euclidean, n_neighbors=5, min_dist=0.1	False	9	euclidean		5.0	0.1		sensitivity	age_at_initial_pathologic_diagnosis	ok	407	9	kruskal_wallis	23.87593913613672	0.0024041479382383418	0.0398892943119013	0.010219351341910512	0.01165087077761658	0.010257887876831337	0.01289497530509656
continuous::umap__metric-euclidean__nn-5__mindist-0p5::age_at_initial_pathologic_diagnosis	UMAP	umap	umap__metric-euclidean__nn-5__mindist-0p5	metric=euclidean, n_neighbors=5, min_dist=0.5	False	6	euclidean		5.0	0.5		sensitivity	age_at_initial_pathologic_diagnosis	ok	407	6	kruskal_wallis	19.563644896715804	0.0015085915924610896	0.03631831645066285	0.007533759233083125	0.008640115484095332	0.007513569814400362	0.009889655995022699
continuous::umap__metric-euclidean__nn-5__mindist-1::age_at_initial_pathologic_diagnosis	UMAP	umap	umap__metric-euclidean__nn-5__mindist-1	metric=euclidean, n_neighbors=5, min_dist=1	False	6	euclidean		5.0	1.0		sensitivity	age_at_initial_pathologic_diagnosis	ok	407	6	kruskal_wallis	21.08872057655213	0.000779382279403603	0.040121497697137486	0.0044165046538453346	0.005713134558058081	0.004442468819946718	0.006879080386233199
