test_id	method	method_key	configuration_id	configuration_label	is_primary	k	metric	perplexity	n_neighbors	min_dist	pre_pca_components	analysis_scope	variable	status	n	n_clusters	n_categories	test	statistic	chi_square_statistic	degrees_of_freedom	p_value	cramers_v	fisher_odds_ratio	min_expected_count	cells_expected_lt5	fraction_cells_expected_lt5	family	effect_size	effect_size_name	epsilon_squared	q_value	q_value_family	q_value_scope	q_value_family_scope
categorical::mds__primary::center_code	MDS	mds	mds__primary	primary	True	3						primary	center_code	ok	412	3	2.0	chi_square	1.2625955512467502	1.2625955512467502	2.0	0.5319010646576852	0.0		62.949029126213595	0.0	0.0	categorical	0.0	cramers_v		0.5800625458783544	0.5836243902484906	0.576226153379159	0.5673611356348641
categorical::mds__primary::gender	MDS	mds	mds__primary	primary	True	3						primary	gender	ok	412	3	2.0	chi_square	2.2527679086245844	2.2527679086245844	2.0	0.32420347394100507	0.024559535694706657		47.45388349514563	0.0	0.0	categorical	0.024559535694706657	cramers_v		0.36674398502442423	0.36967997933544466	0.39206001499842474	0.38904416872920605
categorical::mds__primary::race	MDS	mds	mds__primary	primary	True	3						primary	race	ok	358	3	4.0	permutation_chi_square_5000	4.838573584013446	4.838573584013446	6.0	0.6080783843231353	0.0		0.31564245810055863	6.0	0.5	categorical	0.0	cramers_v		0.6521611158117882	0.655162514766872	0.6324015196960607	0.6210162222874573
categorical::mds__primary::ajcc_pathologic_tumor_stage	MDS	mds	mds__primary	primary	True	3						primary	ajcc_pathologic_tumor_stage	ok	388	3	11.0	permutation_chi_square_5000	21.141436429081082	21.141436429081082	20.0	0.3887222555488902	0.03757154544456817		0.6288659793814433	6.0	0.18181818181818182	categorical	0.03757154544456817	cramers_v		0.4313868933530367	0.4347248893416583	0.43942515844657154	0.43392251782201696
categorical::mds__primary::histological_type	MDS	mds	mds__primary	primary	True	3						primary	histological_type	ok	410	3	7.0	permutation_chi_square_5000	14.949658121425626	14.949658121425626	12.0	0.2529494101179764	0.05982360989227064		2.2536585365853656	6.0	0.2857142857142857	categorical	0.05982360989227064	cramers_v		0.2921940294592703	0.2946529338200156	0.32081388600328714	0.31951504435954914
categorical::mds__primary::histological_grade	MDS	mds	mds__primary	primary	True	3						primary	histological_grade	ok	412	3	4.0	permutation_chi_square_5000	7.88904180995767	7.88904180995767	6.0	0.241751649670066	0.04781143752003263		2.9053398058252426	6.0	0.5	categorical	0.04781143752003263	cramers_v		0.28164239129414514	0.2837954148300775	0.3173721608272876	0.3167123434451103
categorical::mds__primary::tumor_status	MDS	mds	mds__primary	primary	True	3						primary	tumor_status	ok	369	3	2.0	chi_square	1.5395719435444482	1.5395719435444482	2.0	0.46311217678330274	0.0		43.612466124661246	0.0	0.0	categorical	0.0	cramers_v		0.5084301243773793	0.5118608269710188	0.5123794296325903	0.505213283763603
categorical::mds__primary::vital_status	MDS	mds	mds__primary	primary	True	3						primary	vital_status	ok	411	3	2.0	chi_square	3.4333150609392966	3.4333150609392966	2.0	0.17966567244288198	0.05902553208926525		51.065693430656935	0.0	0.0	categorical	0.05902553208926525	cramers_v		0.2163914496040005	0.2180212654363062	0.24585828860604905	0.24639863649309526
categorical::mds__primary::OS	MDS	mds	mds__primary	primary	True	3						primary	OS	ok	412	3	2.0	chi_square	3.465508770908828	3.465508770908828	2.0	0.1767967722491791	0.05961456160821424		51.327669902912625	0.0	0.0	categorical	0.05961456160821424	cramers_v		0.21356424258418538	0.2152308531729137	0.24585828860604905	0.24639863649309526
categorical::mds__primary::DSS	MDS	mds	mds__primary	primary	True	3						primary	DSS	ok	389	3	2.0	chi_square	3.9047533656726436	3.9047533656726436	2.0	0.14193633275054743	0.0699707476583063		31.34190231362468	0.0	0.0	categorical	0.0699707476583063	cramers_v		0.17454332811215967	0.17590797960559648	0.21087683722938477	0.21290449912582116
categorical::mds__primary::DFI	MDS	mds	mds__primary	primary	True	3						primary	DFI	ok	242	3	2.0	chi_square	1.0520432731461153	1.0520432731461153	2.0	0.5909513183818635	0.0		13.148760330578513	0.0	0.0	categorical	0.0	cramers_v		0.6368278023088766	0.6400561557259152	0.6271320113440184	0.6166448539636837
categorical::mds__primary::PFI	MDS	mds	mds__primary	primary	True	3						primary	PFI	ok	412	3	2.0	chi_square	1.8987524274896534	1.8987524274896534	2.0	0.3869823424471542	0.0		42.93446601941748	0.0	0.0	categorical	0.0	cramers_v		0.43003872247519576	0.4334202235408127	0.43942515844657154	0.43392251782201696
categorical::pca__primary::center_code	PCA	pca	pca__primary	primary	True	2						primary	center_code	ok	412	2	2.0	fisher_exact	0.5768353853169175	7.363803922903418	1.0	0.006886360541911124	0.12441012636624758	0.5768353853169175	79.51456310679612	0.0	0.0	categorical	0.12441012636624758	cramers_v		0.019118404351949867	0.01893123116249022	0.018846881483125178	0.019443841530101997
categorical::pca__primary::gender	PCA	pca	pca__primary	primary	True	2						primary	gender	ok	412	2	2.0	fisher_exact	0.8020892687559354	1.1205476484556387	1.0	0.29727960463412606	0.016952435080130245	0.8020892687559354	59.94174757281554	0.0	0.0	categorical	0.016952435080130245	cramers_v		0.3395704270506963	0.34259661753566967	0.36806046288034655	0.3658825903189244
categorical::pca__primary::race	PCA	pca	pca__primary	primary	True	2						primary	race	ok	358	2	4.0	permutation_chi_square_5000	7.831360418851396	7.831360418851396	3.0	0.03199360127974405	0.11623162063744963		0.41899441340782123	2.0	0.25	categorical	0.11623162063744963	cramers_v		0.055280083223861555	0.055859497846389154	0.055455575551556356	0.05687751338621165
categorical::pca__primary::ajcc_pathologic_tumor_stage	PCA	pca	pca__primary	primary	True	2						primary	ajcc_pathologic_tumor_stage	ok	388	2	11.0	permutation_chi_square_5000	19.990507595347474	19.990507595347474	10.0	0.021595680863827234	0.16046391349807426		0.7989690721649485	4.0	0.18181818181818182	categorical	0.16046391349807426	cramers_v		0.04171429864970402	0.042078182301683996	0.041591681663667265	0.04319136172765447
categorical::pca__primary::histological_type	PCA	pca	pca__primary	primary	True	2						primary	histological_type	ok	410	2	7.0	permutation_chi_square_5000	46.195434698556966	46.195434698556966	6.0	0.0001999600079984003	0.3134359040498898		2.851219512195122	3.0	0.21428571428571427	categorical	0.3134359040498898	cramers_v		0.0014753805995557645	0.0013868785875852353	0.0012573756303270506	0.0013057362314934755
categorical::pca__primary::histological_grade	PCA	pca	pca__primary	primary	True	2						primary	histological_grade	ok	412	2	4.0	permutation_chi_square_5000	22.211992513373808	22.211992513373808	3.0	0.0001999600079984003	0.21616434528197612		3.6699029126213594	2.0	0.25	categorical	0.21616434528197612	cramers_v		0.0014753805995557645	0.0013868785875852353	0.0012573756303270506	0.0013057362314934755
categorical::pca__primary::tumor_status	PCA	pca	pca__primary	primary	True	2						primary	tumor_status	ok	369	2	2.0	fisher_exact	1.8246869409660107	7.545801774398983	1.0	0.00820115192170904	0.13334261096681402	1.8246869409660107	55.50677506775068	0.0	0.0	categorical	0.13334261096681402	cramers_v		0.02139090262382071	0.021379554664869082	0.020307614282327142	0.020718699591685995
categorical::pca__primary::vital_status	PCA	pca	pca__primary	primary	True	2						primary	vital_status	ok	411	2	2.0	fisher_exact	1.8872266973532796	9.55910718973512	1.0	0.002755185331519362	0.14446468948177843	1.8872266973532796	64.99270072992701	0.0	0.0	categorical	0.14446468948177843	cramers_v		0.011226352171713222	0.011079362290577861	0.008954352327437926	0.009446349708066385
categorical::pca__primary::OS	PCA	pca	pca__primary	primary	True	2						primary	OS	ok	412	2	2.0	fisher_exact	1.8987341772151898	9.753545273818547	1.0	0.002022552683252077	0.14591905223604842	1.8987341772151898	64.83495145631068	0.0	0.0	categorical	0.14591905223604842	cramers_v		0.009151771533610227	0.009047632121530001	0.008764394960759	0.009436430208387633
categorical::pca__primary::DSS	PCA	pca	pca__primary	primary	True	2						primary	DSS	ok	389	2	2.0	fisher_exact	1.684840425531915	4.896215935119308	1.0	0.03161926651229302	0.10017593388961725	1.684840425531915	39.732647814910024	0.0	0.0	categorical	0.10017593388961725	cramers_v		0.054748793390207155	0.05533371639651279	0.055455575551556356	0.05687751338621165
categorical::pca__primary::DFI	PCA	pca	pca__primary	primary	True	2						primary	DFI	ok	242	2	2.0	fisher_exact	2.1802451333813986	5.388296138053507	1.0	0.025525392108227914	0.13487695706848002	2.1802451333813986	17.235537190082646	0.0	0.0	categorical	0.13487695706848002	cramers_v		0.04708400030774473	0.04741325905115554	0.047404299629566125	0.0490087528477976
categorical::pca__primary::PFI	PCA	pca	pca__primary	primary	True	2						primary	PFI	ok	412	2	2.0	fisher_exact	1.7890789078907892	7.494001091890578	1.0	0.007332813488829951	0.12567681906723513	1.7890789078907892	54.23300970873787	0.0	0.0	categorical	0.12567681906723513	cramers_v		0.019820377053966103	0.01979859641984087	0.01906531507095787	0.01955416930354654
categorical::tsne__primary::center_code	t-SNE	tsne	tsne__primary	primary	True	3						primary	center_code	ok	412	3	2.0	chi_square	5.331887250596935	5.331887250596935	2.0	0.06953370879940482	0.08997216069006202		56.79611650485437	0.0	0.0	categorical	0.08997216069006202	cramers_v		0.09626064021929479	0.09741247693986756	0.10956826841118335	0.11125393407904771
categorical::tsne__primary::gender	t-SNE	tsne	tsne__primary	primary	True	3						primary	gender	ok	412	3	2.0	chi_square	2.029196111783713	2.029196111783713	2.0	0.36254812463256014	0.0076939758669165486		42.81553398058252	0.0	0.0	categorical	0.0076939758669165486	cramers_v		0.4045325804823798	0.4078666402116302	0.42846596547484384	0.42444658493568016
categorical::tsne__primary::race	t-SNE	tsne	tsne__primary	primary	True	3						primary	race	ok	358	3	4.0	permutation_chi_square_5000	9.440980839541243	9.440980839541243	6.0	0.1191761647670466	0.06934918162826527		0.2988826815642458	6.0	0.5	categorical	0.06934918162826527	cramers_v		0.15132601386699404	0.15296635070269476	0.18226942846724772	0.1845308357683302
categorical::tsne__primary::ajcc_pathologic_tumor_stage	t-SNE	tsne	tsne__primary	primary	True	3						primary	ajcc_pathologic_tumor_stage	ok	388	3	11.0	permutation_chi_square_5000	17.654649916787672	17.654649916787672	20.0	0.6224755048990201	0.0		0.5824742268041238	7.0	0.21212121212121213	categorical	0.0	cramers_v		0.6655449588933388	0.6684538092381523	0.6346809069558637	0.6224755048990201
categorical::tsne__primary::histological_type	t-SNE	tsne	tsne__primary	primary	True	3						primary	histological_type	ok	410	3	7.0	permutation_chi_square_5000	60.782814238095355	60.782814238095355	12.0	0.0001999600079984003	0.24443326486498618		2.048780487804878	6.0	0.2857142857142857	categorical	0.24443326486498618	cramers_v		0.0014753805995557645	0.0013868785875852353	0.0012573756303270506	0.0013057362314934755
categorical::tsne__primary::histological_grade	t-SNE	tsne	tsne__primary	primary	True	3						primary	histological_grade	ok	412	3	4.0	permutation_chi_square_5000	37.12939823791093	37.12939823791093	6.0	0.0001999600079984003	0.19479560581061303		2.621359223300971	6.0	0.5	categorical	0.19479560581061303	cramers_v		0.0014753805995557645	0.0013868785875852353	0.0012573756303270506	0.0013057362314934755
categorical::tsne__primary::tumor_status	t-SNE	tsne	tsne__primary	primary	True	3						primary	tumor_status	ok	369	3	2.0	chi_square	11.41097250065787	11.41097250065787	2.0	0.0033276589164302913	0.15987093275140055		40.36856368563686	0.0	0.0	categorical	0.15987093275140055	cramers_v		0.012245730985451946	0.012118926078797857	0.009619873812195	0.009989868958817885
categorical::tsne__primary::vital_status	t-SNE	tsne	tsne__primary	primary	True	3						primary	vital_status	ok	411	3	2.0	chi_square	12.094747347875956	12.094747347875956	2.0	0.0023640626598331383	0.15687442020081663		46.42335766423358	0.0	0.0	categorical	0.15687442020081663	cramers_v		0.010199820050838127	0.010046406341435749	0.00885975947343061	0.009436430208387633
categorical::tsne__primary::OS	t-SNE	tsne	tsne__primary	primary	True	3						primary	OS	ok	412	3	2.0	chi_square	12.409587602368568	12.409587602368568	2.0	0.0020197252307865223	0.15910931388866872		46.310679611650485	0.0	0.0	categorical	0.15910931388866872	cramers_v		0.009151771533610227	0.009047632121530001	0.008764394960759	0.009436430208387633
categorical::tsne__primary::DSS	t-SNE	tsne	tsne__primary	primary	True	3						primary	DSS	ok	389	3	2.0	chi_square	11.938858359362385	11.938858359362385	2.0	0.0025556998481049836	0.16000780994155755		28.627249357326477	0.0	0.0	categorical	0.16000780994155755	cramers_v		0.01053574688169272	0.0104050304191407	0.00885975947343061	0.009436430208387633
categorical::tsne__primary::DFI	t-SNE	tsne	tsne__primary	primary	True	3						primary	DFI	ok	242	3	2.0	chi_square	9.219410645601254	9.219410645601254	2.0	0.00995475131391983	0.17298017597637563		12.438016528925619	0.0	0.0	categorical	0.17298017597637563	cramers_v		0.024192704231751756	0.024121128183728822	0.022506394274949184	0.022753717288959613
categorical::tsne__primary::PFI	t-SNE	tsne	tsne__primary	primary	True	3						primary	PFI	ok	412	3	2.0	chi_square	16.865495408902316	16.865495408902316	2.0	0.0002176227052489126	0.19015115771813382		38.737864077669904	0.0	0.0	categorical	0.19015115771813382	cramers_v		0.0015772831468925611	0.0014821870735871885	0.0012573756303270506	0.0013057362314934755
categorical::umap__metric-euclidean__nn-15__mindist-0p1::center_code	UMAP	umap	umap__metric-euclidean__nn-15__mindist-0p1	metric=euclidean, n_neighbors=15, min_dist=0.1	True	9	euclidean		15.0	0.1		primary	center_code	ok	412	9	2.0	chi_square	47.19404423253907	47.19404423253907	8.0	1.4081407994173496e-07	0.30873263980616145		8.992718446601941	0.0	0.0	categorical	0.30873263980616145	cramers_v		8.987551982719246e-06	8.296201830202382e-06	7.322332156970218e-06	6.759075837203278e-06
categorical::umap__metric-euclidean__nn-15__mindist-0p1::gender	UMAP	umap	umap__metric-euclidean__nn-15__mindist-0p1	metric=euclidean, n_neighbors=15, min_dist=0.1	True	9	euclidean		15.0	0.1		primary	gender	ok	412	9	2.0	chi_square	10.307057808331079	10.307057808331079	8.0	0.24413243140560584	0.07460531396963711		6.779126213592233	0.0	0.0	categorical	0.07460531396963711	cramers_v		0.28401201892214656	0.2861459196009892	0.3173721608272876	0.3167123434451103
categorical::umap__metric-euclidean__nn-15__mindist-0p1::race	UMAP	umap	umap__metric-euclidean__nn-15__mindist-0p1	metric=euclidean, n_neighbors=15, min_dist=0.1	True	9	euclidean		15.0	0.1		primary	race	ok	358	9	4.0	permutation_chi_square_5000	30.98198362989586	30.98198362989586	24.0	0.15116976604679064	0.08057842781054421		0.05307262569832402	19.0	0.5277777777777778	categorical	0.08057842781054421	cramers_v		0.1842381523695261	0.18552653105742486	0.21835632873425315	0.2198832960680591
categorical::umap__metric-euclidean__nn-15__mindist-0p1::ajcc_pathologic_tumor_stage	UMAP	umap	umap__metric-euclidean__nn-15__mindist-0p1	metric=euclidean, n_neighbors=15, min_dist=0.1	True	9	euclidean		15.0	0.1		primary	ajcc_pathologic_tumor_stage	ok	388	9	11.0	permutation_chi_square_5000	109.99309438623692	109.99309438623692	80.0	0.014997000599880024	0.09898829757727169		0.0979381443298969	65.0	0.6565656565656566	categorical	0.09898829757727169	cramers_v		0.03215325521283178	0.03230123206128005	0.029994001199760048	0.03129808820844527
categorical::umap__metric-euclidean__nn-15__mindist-0p1::histological_type	UMAP	umap	umap__metric-euclidean__nn-15__mindist-0p1	metric=euclidean, n_neighbors=15, min_dist=0.1	True	9	euclidean		15.0	0.1		primary	histological_type	ok	410	9	7.0	permutation_chi_square_5000	141.657748264235	141.657748264235	48.0	0.0001999600079984003	0.19644508296423105		0.32439024390243903	32.0	0.5079365079365079	categorical	0.19644508296423105	cramers_v		0.0014753805995557645	0.0013868785875852353	0.0012573756303270506	0.0013057362314934755
categorical::umap__metric-euclidean__nn-15__mindist-0p1::histological_grade	UMAP	umap	umap__metric-euclidean__nn-15__mindist-0p1	metric=euclidean, n_neighbors=15, min_dist=0.1	True	9	euclidean		15.0	0.1		primary	histological_grade	ok	412	9	4.0	permutation_chi_square_5000	102.38305345582044	102.38305345582044	24.0	0.0001999600079984003	0.25265671849577437		0.41504854368932037	18.0	0.5	categorical	0.25265671849577437	cramers_v		0.0014753805995557645	0.0013868785875852353	0.0012573756303270506	0.0013057362314934755
categorical::umap__metric-euclidean__nn-15__mindist-0p1::tumor_status	UMAP	umap	umap__metric-euclidean__nn-15__mindist-0p1	metric=euclidean, n_neighbors=15, min_dist=0.1	True	9	euclidean		15.0	0.1		primary	tumor_status	ok	369	9	2.0	chi_square	23.02684070355185	23.02684070355185	8.0	0.0033299563196059617	0.20192828832850432		6.127371273712737	0.0	0.0	categorical	0.20192828832850432	cramers_v		0.012245730985451946	0.012118926078797857	0.009619873812195	0.009989868958817885
categorical::umap__metric-euclidean__nn-15__mindist-0p1::vital_status	UMAP	umap	umap__metric-euclidean__nn-15__mindist-0p1	metric=euclidean, n_neighbors=15, min_dist=0.1	True	9	euclidean		15.0	0.1		primary	vital_status	ok	411	9	2.0	chi_square	15.2489678803987	15.2489678803987	8.0	0.05448143165078242	0.13278901927500814		7.350364963503649	0.0	0.0	categorical	0.13278901927500814	cramers_v		0.08039692346304649	0.08172147748668089	0.08853232643252143	0.09017616273232952
categorical::umap__metric-euclidean__nn-15__mindist-0p1::OS	UMAP	umap	umap__metric-euclidean__nn-15__mindist-0p1	metric=euclidean, n_neighbors=15, min_dist=0.1	True	9	euclidean		15.0	0.1		primary	OS	ok	412	9	2.0	chi_square	15.554265392978298	15.554265392978298	8.0	0.049222855480692405	0.13539924993159788		7.33252427184466	0.0	0.0	categorical	0.13539924993159788	cramers_v		0.07424220743772943	0.0751767247341484	0.08256737048374209	0.08438203796690126
categorical::umap__metric-euclidean__nn-15__mindist-0p1::DSS	UMAP	umap	umap__metric-euclidean__nn-15__mindist-0p1	metric=euclidean, n_neighbors=15, min_dist=0.1	True	9	euclidean		15.0	0.1		primary	DSS	ok	389	9	2.0	chi_square	19.531981515057137	19.531981515057137	8.0	0.012259440150163213	0.1722459239262335		4.442159383033419	1.0	0.05555555555555555	categorical	0.1722459239262335	cramers_v		0.02788281372758241	0.027986179116748614	0.025499635512339483	0.02674786941853792
categorical::umap__metric-euclidean__nn-15__mindist-0p1::DFI	UMAP	umap	umap__metric-euclidean__nn-15__mindist-0p1	metric=euclidean, n_neighbors=15, min_dist=0.1	True	9	euclidean		15.0	0.1		primary	DFI	ok	242	9	2.0	permutation_chi_square_5000	19.74403754302827	19.74403754302827	8.0	0.009798040391921616	0.22043943434112356		2.309917355371901	5.0	0.2777777777777778	categorical	0.22043943434112356	cramers_v		0.024025733775400612	0.023971904648196575	0.022506394274949184	0.022753717288959613
categorical::umap__metric-euclidean__nn-15__mindist-0p1::PFI	UMAP	umap	umap__metric-euclidean__nn-15__mindist-0p1	metric=euclidean, n_neighbors=15, min_dist=0.1	True	9	euclidean		15.0	0.1		primary	PFI	ok	412	9	2.0	chi_square	23.83533172474584	23.83533172474584	8.0	0.002442072943235195	0.1961674184045733		6.133495145631068	0.0	0.0	categorical	0.1961674184045733	cramers_v		0.01025670636158782	0.010143995302669271	0.00885975947343061	0.009436430208387633
continuous::mds__primary::age_at_initial_pathologic_diagnosis	MDS	mds	mds__primary	primary	True	3						primary	age_at_initial_pathologic_diagnosis	ok	407	3		kruskal_wallis	0.8624648446416151			0.6497078866098831						continuous	0.0	epsilon_squared	0.0	0.6919515723452462	0.6497078866098831	0.6497078866098831	0.6497078866098831
continuous::pca__primary::age_at_initial_pathologic_diagnosis	PCA	pca	pca__primary	primary	True	2						primary	age_at_initial_pathologic_diagnosis	ok	407	2		kruskal_wallis	6.44784349631511			0.011108709921859994						continuous	0.013451465423000271	epsilon_squared	0.013451465423000271	0.02621911650145053	0.024994597324184988	0.024068871497363323	0.01481161322914666
continuous::tsne__primary::age_at_initial_pathologic_diagnosis	t-SNE	tsne	tsne__primary	primary	True	3						primary	age_at_initial_pathologic_diagnosis	ok	407	3		kruskal_wallis	14.933922434715067			0.0005716628191770473						continuous	0.03201465949186898	epsilon_squared	0.03201465949186898	0.003468087769674087	0.005713134558058081	0.002972646659720646	0.0011433256383540946
continuous::umap__metric-euclidean__nn-15__mindist-0p1::age_at_initial_pathologic_diagnosis	UMAP	umap	umap__metric-euclidean__nn-15__mindist-0p1	metric=euclidean, n_neighbors=15, min_dist=0.1	True	9	euclidean		15.0	0.1		primary	age_at_initial_pathologic_diagnosis	ok	407	9		kruskal_wallis	30.905527874180184			0.0001460477080536794						continuous	0.057551577573317046	epsilon_squared	0.057551577573317046	0.0014753805995557645	0.0046005028036909005	0.0012573756303270506	0.0005841908322147176
