component	direction	rank	gene_column	loading	absolute_loading	gene_symbol	entrez_id
PC1	positive	1	FBXL7|23194	0.02418433670767806	0.02418433670767806	FBXL7	23194
PC1	positive	2	ATP8B2|57198	0.02411297888309996	0.02411297888309996	ATP8B2	57198
PC1	positive	3	MAP3K12|7786	0.024058922088643388	0.024058922088643388	MAP3K12	7786
PC1	positive	4	MPDZ|8777	0.024042285747718876	0.024042285747718876	MPDZ	8777
PC1	positive	5	ZNF135|7694	0.024035471609503832	0.024035471609503832	ZNF135	7694
PC1	positive	6	SYNE1|23345	0.02401161746980882	0.02401161746980882	SYNE1	23345
PC1	positive	7	RECK|8434	0.02400524792765059	0.02400524792765059	RECK	8434
PC1	positive	8	BOC|91653	0.023975159668256585	0.023975159668256585	BOC	91653
PC1	positive	9	CLIP3|25999	0.023942936545250912	0.023942936545250912	CLIP3	25999
PC1	positive	10	ZCCHC24|219654	0.02391143793198756	0.02391143793198756	ZCCHC24	219654
PC1	positive	11	RNF150|57484	0.02387114254882507	0.02387114254882507	RNF150	57484
PC1	positive	12	JAM2|58494	0.02370442800729239	0.02370442800729239	JAM2	58494
PC1	positive	13	CNRIP1|25927	0.02370313029069319	0.02370313029069319	CNRIP1	25927
PC1	positive	14	JAM3|83700	0.02366890558396341	0.02366890558396341	JAM3	83700
PC1	positive	15	RGAG4|340526	0.02364858125444623	0.02364858125444623	RGAG4	340526
PC1	positive	16	AKT3|10000	0.02359504032857578	0.02359504032857578	AKT3	10000
PC1	positive	17	MAPK10|5602	0.023591935197462156	0.023591935197462156	MAPK10	5602
PC1	positive	18	NAP1L3|4675	0.02358634868692822	0.02358634868692822	NAP1L3	4675
PC1	positive	19	STON1|11037	0.023554797375286957	0.023554797375286957	STON1	11037
PC1	positive	20	FERMT2|10979	0.0235359951630855	0.0235359951630855	FERMT2	10979
PC1	negative	1	ZWINT|11130	-0.018419939473553398	0.018419939473553398	ZWINT	11130
PC1	negative	2	UBE2T|29089	-0.018177306607994353	0.018177306607994353	UBE2T	29089
PC1	negative	3	CDCA8|55143	-0.01814493212100074	0.01814493212100074	CDCA8	55143
PC1	negative	4	NCAPG|64151	-0.01811448284569743	0.01811448284569743	NCAPG	64151
PC1	negative	5	MELK|9833	-0.01782288901297524	0.01782288901297524	MELK	9833
PC1	negative	6	RRM2|6241	-0.017688526265088062	0.017688526265088062	RRM2	6241
PC1	negative	7	MAD2L1|4085	-0.017685771099482564	0.017685771099482564	MAD2L1	4085
PC1	negative	8	CCNB1|891	-0.017636526307141298	0.017636526307141298	CCNB1	891
PC1	negative	9	SLC25A10|1468	-0.01761048302187102	0.01761048302187102	SLC25A10	1468
PC1	negative	10	CCNA2|890	-0.017477818828065157	0.017477818828065157	CCNA2	890
PC1	negative	11	CDK1|983	-0.017442754499317682	0.017442754499317682	CDK1	983
PC1	negative	12	POC1A|25886	-0.01734306785748013	0.01734306785748013	POC1A	25886
PC1	negative	13	ASF1B|55723	-0.017149161938541782	0.017149161938541782	ASF1B	55723
PC1	negative	14	CDC25A|993	-0.01713458662279602	0.01713458662279602	CDC25A	993
PC1	negative	15	HJURP|55355	-0.017125626376785743	0.017125626376785743	HJURP	55355
PC1	negative	16	MAP7|9053	-0.017000435571676555	0.017000435571676555	MAP7	9053
PC1	negative	17	PBK|55872	-0.016947712928536383	0.016947712928536383	PBK	55872
PC1	negative	18	SKA3|221150	-0.01690805836020323	0.01690805836020323	SKA3	221150
PC1	negative	19	PLK4|10733	-0.016838814268306485	0.016838814268306485	PLK4	10733
PC1	negative	20	CDC45|8318	-0.016813997253273368	0.016813997253273368	CDC45	8318
PC2	positive	1	SLAMF8|56833	0.030876193424739858	0.030876193424739858	SLAMF8	56833
PC2	positive	2	HAVCR2|84868	0.030800292148856902	0.030800292148856902	HAVCR2	84868
PC2	positive	3	C1QB|713	0.03061693887995372	0.03061693887995372	C1QB	713
PC2	positive	4	C1QC|714	0.030443878130162017	0.030443878130162017	C1QC	714
PC2	positive	5	ITGB2|3689	0.03020470846345452	0.03020470846345452	ITGB2	3689
PC2	positive	6	C1QA|712	0.0301914632141862	0.0301914632141862	C1QA	712
PC2	positive	7	HLA-DRA|3122	0.029946919009536905	0.029946919009536905	HLA-DRA	3122
PC2	positive	8	DOK2|9046	0.02986489938811453	0.02986489938811453	DOK2	9046
PC2	positive	9	CD74|972	0.02974444795280161	0.02974444795280161	CD74	972
PC2	positive	10	CD300LF|146722	0.02973906031660185	0.02973906031660185	CD300LF	146722
PC2	positive	11	LAPTM5|7805	0.02973606907192695	0.02973606907192695	LAPTM5	7805
PC2	positive	12	TNFSF13B|10673	0.029637843532097415	0.029637843532097415	TNFSF13B	10673
PC2	positive	13	IL2RB|3560	0.02943439320097295	0.02943439320097295	IL2RB	3560
PC2	positive	14	CYBB|1536	0.029292756146223044	0.029292756146223044	CYBB	1536
PC2	positive	15	PLEK|5341	0.02927269099042662	0.02927269099042662	PLEK	5341
PC2	positive	16	CCL4|6351	0.029232589206140466	0.029232589206140466	CCL4	6351
PC2	positive	17	LILRB4|11006	0.02922983383951825	0.02922983383951825	LILRB4	11006
PC2	positive	18	CD53|963	0.029195494969823918	0.029195494969823918	CD53	963
PC2	positive	19	NKG7|4818	0.02914762528369388	0.02914762528369388	NKG7	4818
PC2	positive	20	SIGLEC7|27036	0.02903588210763858	0.02903588210763858	SIGLEC7	27036
PC2	negative	1	PRPF40B|25766	-0.026757181466118957	0.026757181466118957	PRPF40B	25766
PC2	negative	2	NINL|22981	-0.026566659229354313	0.026566659229354313	NINL	22981
PC2	negative	3	LOC100130015|100130015	-0.026173196581876206	0.026173196581876206	LOC100130015	100130015
PC2	negative	4	TTLL2|83887	-0.0249273510482654	0.0249273510482654	TTLL2	83887
PC2	negative	5	DSCR6|53820	-0.024833474388537235	0.024833474388537235	DSCR6	53820
PC2	negative	6	C8orf45|157777	-0.02443868774063847	0.02443868774063847	C8orf45	157777
PC2	negative	7	C20orf165|128497	-0.02435782064193034	0.02435782064193034	C20orf165	128497
PC2	negative	8	DNM1P35|100128285	-0.024338970705873368	0.024338970705873368	DNM1P35	100128285
PC2	negative	9	ESPNP|284729	-0.024161733978868224	0.024161733978868224	ESPNP	284729
PC2	negative	10	ATP6V1B1|525	-0.024056362484061115	0.024056362484061115	ATP6V1B1	525
PC2	negative	11	INHA|3623	-0.02401083371696494	0.02401083371696494	INHA	3623
PC2	negative	12	PNMT|5409	-0.023969639354489106	0.023969639354489106	PNMT	5409
PC2	negative	13	F7|2155	-0.023943896536168484	0.023943896536168484	F7	2155
PC2	negative	14	KCNQ1OT1|10984	-0.023931867296055728	0.023931867296055728	KCNQ1OT1	10984
PC2	negative	15	RSPO4|343637	-0.02393070749924465	0.02393070749924465	RSPO4	343637
PC2	negative	16	NKPD1|284353	-0.023907065407358926	0.023907065407358926	NKPD1	284353
PC2	negative	17	KCNMB3|27094	-0.02370675099347273	0.02370675099347273	KCNMB3	27094
PC2	negative	18	LOC100132287|100132287	-0.023610702182468173	0.023610702182468173	LOC100132287	100132287
PC2	negative	19	L3MBTL|26013	-0.023522377094703624	0.023522377094703624	L3MBTL	26013
PC2	negative	20	TTC25|83538	-0.0234727124851586	0.0234727124851586	TTC25	83538
PC3	positive	1	CCR6|1235	0.03204427591292079	0.03204427591292079	CCR6	1235
PC3	positive	2	LOC285740|285740	0.03154865485472009	0.03154865485472009	LOC285740	285740
PC3	positive	3	SLFN14|342618	0.030906333709763662	0.030906333709763662	SLFN14	342618
PC3	positive	4	NLRP9|338321	0.030803073887020766	0.030803073887020766	NLRP9	338321
PC3	positive	5	PARP15|165631	0.0306090992009232	0.0306090992009232	PARP15	165631
PC3	positive	6	GVIN1|387751	0.03038014185185161	0.03038014185185161	GVIN1	387751
PC3	positive	7	FAM13AOS|285512	0.030343754554720798	0.030343754554720798	FAM13AOS	285512
PC3	positive	8	WDR52|55779	0.03030043112461575	0.03030043112461575	WDR52	55779
PC3	positive	9	BEND4|389206	0.02985817905441971	0.02985817905441971	BEND4	389206
PC3	positive	10	KBTBD8|84541	0.029758087389043276	0.029758087389043276	KBTBD8	84541
PC3	positive	11	FLJ40330|645784	0.029697336473848857	0.029697336473848857	FLJ40330	645784
PC3	positive	12	PTPN22|26191	0.0294310492540828	0.0294310492540828	PTPN22	26191
PC3	positive	13	C8orf80|389643	0.029281571249552534	0.029281571249552534	C8orf80	389643
PC3	positive	14	GCET2|257144	0.029270706999208834	0.029270706999208834	GCET2	257144
PC3	positive	15	LOC100130557|100130557	0.028963355286077873	0.028963355286077873	LOC100130557	100130557
PC3	positive	16	C15orf55|256646	0.02893935129406209	0.02893935129406209	C15orf55	256646
PC3	positive	17	IL18R1|8809	0.028871680972100845	0.028871680972100845	IL18R1	8809
PC3	positive	18	BTLA|151888	0.028871585875658613	0.028871585875658613	BTLA	151888
PC3	positive	19	ARRDC5|645432	0.028757452338774577	0.028757452338774577	ARRDC5	645432
PC3	positive	20	GPR18|2841	0.028529692562689522	0.028529692562689522	GPR18	2841
PC3	negative	1	ACTN1|87	-0.02580317364301155	0.02580317364301155	ACTN1	87
PC3	negative	2	PPAPDC1A|196051	-0.025673526850577246	0.025673526850577246	PPAPDC1A	196051
PC3	negative	3	CTXN1|404217	-0.02555120631829418	0.02555120631829418	CTXN1	404217
PC3	negative	4	PDLIM7|9260	-0.025370188722820732	0.025370188722820732	PDLIM7	9260
PC3	negative	5	HOMER3|9454	-0.024717351833474805	0.024717351833474805	HOMER3	9454
PC3	negative	6	MTSS1L|92154	-0.02425464339907634	0.02425464339907634	MTSS1L	92154
PC3	negative	7	PRNP|5621	-0.023851127432961406	0.023851127432961406	PRNP	5621
PC3	negative	8	FHL3|2275	-0.023820813687190953	0.023820813687190953	FHL3	2275
PC3	negative	9	NCS1|23413	-0.02377077077901387	0.02377077077901387	NCS1	23413
PC3	negative	10	CERCAM|51148	-0.023722362749222264	0.023722362749222264	CERCAM	51148
PC3	negative	11	LGALS1|3956	-0.023161477041481856	0.023161477041481856	LGALS1	3956
PC3	negative	12	COPZ2|51226	-0.022530381514642983	0.022530381514642983	COPZ2	51226
PC3	negative	13	PTMS|5763	-0.022312872953229788	0.022312872953229788	PTMS	5763
PC3	negative	14	FN1|2335	-0.02216084323271185	0.02216084323271185	FN1	2335
PC3	negative	15	TUBB3|10381	-0.02191229128278744	0.02191229128278744	TUBB3	10381
PC3	negative	16	MXRA7|439921	-0.021796544662253038	0.021796544662253038	MXRA7	439921
PC3	negative	17	PODNL1|79883	-0.02171623635638076	0.02171623635638076	PODNL1	79883
PC3	negative	18	HSPB1|3315	-0.02143319354014621	0.02143319354014621	HSPB1	3315
PC3	negative	19	BOK|666	-0.021425258329016535	0.021425258329016535	BOK	666
PC3	negative	20	PTPRN|5798	-0.0213534264146554	0.0213534264146554	PTPRN	5798
PC4	positive	1	ERN2|10595	0.03525823326712734	0.03525823326712734	ERN2	10595
PC4	positive	2	PDE4C|5143	0.034705697987567924	0.034705697987567924	PDE4C	5143
PC4	positive	3	NOSTRIN|115677	0.0345379472773127	0.0345379472773127	NOSTRIN	115677
PC4	positive	4	TSPAN1|10103	0.03435288429296727	0.03435288429296727	TSPAN1	10103
PC4	positive	5	MGLL|11343	0.033096950527063136	0.033096950527063136	MGLL	11343
PC4	positive	6	PLA2G10|8399	0.03308061108198733	0.03308061108198733	PLA2G10	8399
PC4	positive	7	SGMS2|166929	0.03262806261060438	0.03262806261060438	SGMS2	166929
PC4	positive	8	FHL2|2274	0.03232118901858538	0.03232118901858538	FHL2	2274
PC4	positive	9	NR3C2|4306	0.03197410281287292	0.03197410281287292	NR3C2	4306
PC4	positive	10	LRRC66|339977	0.03178755465999979	0.03178755465999979	LRRC66	339977
PC4	positive	11	ZBTB7C|201501	0.031364980251027894	0.031364980251027894	ZBTB7C	201501
PC4	positive	12	BCAS1|8537	0.031211861221200097	0.031211861221200097	BCAS1	8537
PC4	positive	13	AGR2|10551	0.031096451153768235	0.031096451153768235	AGR2	10551
PC4	positive	14	VILL|50853	0.030828622166411367	0.030828622166411367	VILL	50853
PC4	positive	15	SLC35A3|23443	0.03077811405230557	0.03077811405230557	SLC35A3	23443
PC4	positive	16	CREB3L1|90993	0.03049234223422798	0.03049234223422798	CREB3L1	90993
PC4	positive	17	AKR7A3|22977	0.03041870655021874	0.03041870655021874	AKR7A3	22977
PC4	positive	18	FUT3|2525	0.030414917913135515	0.030414917913135515	FUT3	2525
PC4	positive	19	SDCBP2|27111	0.03034449029288006	0.03034449029288006	SDCBP2	27111
PC4	positive	20	FAM3D|131177	0.030254280026100613	0.030254280026100613	FAM3D	131177
PC4	negative	1	RHEBL1|121268	-0.034790057129258097	0.034790057129258097	RHEBL1	121268
PC4	negative	2	ITPRIPL1|150771	-0.03368265121540971	0.03368265121540971	ITPRIPL1	150771
PC4	negative	3	FSD1|79187	-0.03224650045900382	0.03224650045900382	FSD1	79187
PC4	negative	4	KCNJ10|3766	-0.03214431031823678	0.03214431031823678	KCNJ10	3766
PC4	negative	5	UBE2C|11065	-0.031057806288316836	0.031057806288316836	UBE2C	11065
PC4	negative	6	AURKB|9212	-0.030662430816393086	0.030662430816393086	AURKB	9212
PC4	negative	7	UBE2S|27338	-0.030569285394440385	0.030569285394440385	UBE2S	27338
PC4	negative	8	SNX10|29887	-0.02976133357145923	0.02976133357145923	SNX10	29887
PC4	negative	9	RGS19|10287	-0.02971411614213918	0.02971411614213918	RGS19	10287
PC4	negative	10	EME1|146956	-0.029507079791570696	0.029507079791570696	EME1	146956
PC4	negative	11	KIFC1|3833	-0.029345552367978776	0.029345552367978776	KIFC1	3833
PC4	negative	12	SLC30A3|7781	-0.029290286681906218	0.029290286681906218	SLC30A3	7781
PC4	negative	13	TROAP|10024	-0.029281202383030298	0.029281202383030298	TROAP	10024
PC4	negative	14	LIMD2|80774	-0.028770827444764883	0.028770827444764883	LIMD2	80774
PC4	negative	15	GLDC|2731	-0.02865076863654703	0.02865076863654703	GLDC	2731
PC4	negative	16	IFI30|10437	-0.028605553727874617	0.028605553727874617	IFI30	10437
PC4	negative	17	ARID3A|1820	-0.02860068396726435	0.02860068396726435	ARID3A	1820
PC4	negative	18	C16orf59|80178	-0.02851783911073802	0.02851783911073802	C16orf59	80178
PC4	negative	19	E2F1|1869	-0.02851738780115608	0.02851738780115608	E2F1	1869
PC4	negative	20	CDCA5|113130	-0.028455106704992572	0.028455106704992572	CDCA5	113130
PC5	positive	1	PRSS8|5652	0.03389619163587129	0.03389619163587129	PRSS8	5652
PC5	positive	2	FAM132A|388581	0.0334336281370859	0.0334336281370859	FAM132A	388581
PC5	positive	3	GGT1|2678	0.03271208962119366	0.03271208962119366	GGT1	2678
PC5	positive	4	CGN|57530	0.03268555582973624	0.03268555582973624	CGN	57530
PC5	positive	5	TMEM92|162461	0.03219058615324149	0.03219058615324149	TMEM92	162461
PC5	positive	6	GALE|2582	0.03214587806590043	0.03214587806590043	GALE	2582
PC5	positive	7	CLDN23|137075	0.031211390134660028	0.031211390134660028	CLDN23	137075
PC5	positive	8	FAM109A|144717	0.031210194370422946	0.031210194370422946	FAM109A	144717
PC5	positive	9	GGTLC2|91227	0.03095318811450339	0.03095318811450339	GGTLC2	91227
PC5	positive	10	C19orf77|284422	0.030877036427793707	0.030877036427793707	C19orf77	284422
PC5	positive	11	ASL|435	0.030697639323088645	0.030697639323088645	ASL	435
PC5	positive	12	SLC7A7|9056	0.030644316308852476	0.030644316308852476	SLC7A7	9056
PC5	positive	13	RHOD|29984	0.030642920961536296	0.030642920961536296	RHOD	29984
PC5	positive	14	KCNK5|8645	0.030503034876270395	0.030503034876270395	KCNK5	8645
PC5	positive	15	GAL3ST1|9514	0.030471729463859433	0.030471729463859433	GAL3ST1	9514
PC5	positive	16	B3GNT7|93010	0.03038776484180676	0.03038776484180676	B3GNT7	93010
PC5	positive	17	MMP15|4324	0.0300158768615185	0.0300158768615185	MMP15	4324
PC5	positive	18	SLC44A4|80736	0.029879734999817387	0.029879734999817387	SLC44A4	80736
PC5	positive	19	CIDEC|63924	0.029864035235710646	0.029864035235710646	CIDEC	63924
PC5	positive	20	OSGIN1|29948	0.029832008212931926	0.029832008212931926	OSGIN1	29948
PC5	negative	1	LOC339047|339047	-0.03144412926881126	0.03144412926881126	LOC339047	339047
PC5	negative	2	C2orf63|130162	-0.03131858799036528	0.03131858799036528	C2orf63	130162
PC5	negative	3	SEC31B|25956	-0.0305408231227346	0.0305408231227346	SEC31B	25956
PC5	negative	4	ALS2CR8|79800	-0.030379168972424427	0.030379168972424427	ALS2CR8	79800
PC5	negative	5	ZMYND17|118490	-0.03015387565223991	0.03015387565223991	ZMYND17	118490
PC5	negative	6	NPIP|9284	-0.030059707713444326	0.030059707713444326	NPIP	9284
PC5	negative	7	ANKRD36|375248	-0.029100312990147547	0.029100312990147547	ANKRD36	375248
PC5	negative	8	ZNF443|10224	-0.028481250612500016	0.028481250612500016	ZNF443	10224
PC5	negative	9	GOLGA6L10|647042	-0.027972698270344293	0.027972698270344293	GOLGA6L10	647042
PC5	negative	10	LRP2BP|55805	-0.02747429661178075	0.02747429661178075	LRP2BP	55805
PC5	negative	11	ADAT2|134637	-0.027427837189721367	0.027427837189721367	ADAT2	134637
PC5	negative	12	ZFP2|80108	-0.027422018682689366	0.027422018682689366	ZFP2	80108
PC5	negative	13	AGAP6|414189	-0.02689866784761699	0.02689866784761699	AGAP6	414189
PC5	negative	14	LOC283174|283174	-0.026488864993446225	0.026488864993446225	LOC283174	283174
PC5	negative	15	NACA2|342538	-0.026326313747461277	0.026326313747461277	NACA2	342538
PC5	negative	16	LOC100130557|100130557	-0.026171530845779892	0.026171530845779892	LOC100130557	100130557
PC5	negative	17	THSD1P1|374500	-0.026106006789681134	0.026106006789681134	THSD1P1	374500
PC5	negative	18	GOLGA6L9|440295	-0.02582384230095525	0.02582384230095525	GOLGA6L9	440295
PC5	negative	19	NCRNA00201|284702	-0.025630435021327374	0.025630435021327374	NCRNA00201	284702
PC5	negative	20	KLRA1|10748	-0.02561186993428163	0.02561186993428163	KLRA1	10748
PC6	positive	1	NDUFA3|4696	0.0486758785163848	0.0486758785163848	NDUFA3	4696
PC6	positive	2	SNORD17|692086	0.04239241917656723	0.04239241917656723	SNORD17	692086
PC6	positive	3	SNHG9|735301	0.03843650887162269	0.03843650887162269	SNHG9	735301
PC6	positive	4	SCARNA10|692148	0.03797065914984109	0.03797065914984109	SCARNA10	692148
PC6	positive	5	BGLAP|632	0.03769290837551467	0.03769290837551467	BGLAP	632
PC6	positive	6	PPDPF|79144	0.037218876939379954	0.037218876939379954	PPDPF	79144
PC6	positive	7	CHCHD10|400916	0.037119868796844674	0.037119868796844674	CHCHD10	400916
PC6	positive	8	NCRNA00116|205251	0.036693393904379236	0.036693393904379236	NCRNA00116	205251
PC6	positive	9	RPL39|6170	0.03666091640403156	0.03666091640403156	RPL39	6170
PC6	positive	10	LOC729234|729234	0.03449993709174261	0.03449993709174261	LOC729234	729234
PC6	positive	11	RMRP|6023	0.03396882851559902	0.03396882851559902	RMRP	6023
PC6	positive	12	LOC606724|606724	0.03357903171263012	0.03357903171263012	LOC606724	606724
PC6	positive	13	DBP|1628	0.033540023720145466	0.033540023720145466	DBP	1628
PC6	positive	14	IFI27L2|83982	0.03332589658566806	0.03332589658566806	IFI27L2	83982
PC6	positive	15	ZNF90|7643	0.032476605222409465	0.032476605222409465	ZNF90	7643
PC6	positive	16	BLVRB|645	0.03216979019421805	0.03216979019421805	BLVRB	645
PC6	positive	17	RPS26P11|441502	0.03196708131727007	0.03196708131727007	RPS26P11	441502
PC6	positive	18	SCARNA5|677775	0.031887791283584474	0.031887791283584474	SCARNA5	677775
PC6	positive	19	C9orf16|79095	0.0317176135380805	0.0317176135380805	C9orf16	79095
PC6	positive	20	RPPH1|85495	0.03157084632347907	0.03157084632347907	RPPH1	85495
PC6	negative	1	UHMK1|127933	-0.044364747463825197	0.044364747463825197	UHMK1	127933
PC6	negative	2	ANKRD36BP1|84832	-0.0442376350516287	0.0442376350516287	ANKRD36BP1	84832
PC6	negative	3	SGK196|84197	-0.04203993606278845	0.04203993606278845	SGK196	84197
PC6	negative	4	PTPRG|5793	-0.04100541781778546	0.04100541781778546	PTPRG	5793
PC6	negative	5	GAS2L3|283431	-0.040600871834262975	0.040600871834262975	GAS2L3	283431
PC6	negative	6	N4BP2|55728	-0.040212491599117835	0.040212491599117835	N4BP2	55728
PC6	negative	7	CASC5|57082	-0.040075415861171554	0.040075415861171554	CASC5	57082
PC6	negative	8	GAN|8139	-0.03946421407991207	0.03946421407991207	GAN	8139
PC6	negative	9	COL12A1|1303	-0.039303235143631064	0.039303235143631064	COL12A1	1303
PC6	negative	10	DDI2|84301	-0.03913413963421212	0.03913413963421212	DDI2	84301
PC6	negative	11	IPMK|253430	-0.03900761646122236	0.03900761646122236	IPMK	253430
PC6	negative	12	ADAMTS2|9509	-0.037910964479683194	0.037910964479683194	ADAMTS2	9509
PC6	negative	13	KLHL11|55175	-0.037343232195540116	0.037343232195540116	KLHL11	55175
PC6	negative	14	ZDHHC20|253832	-0.03734014575414827	0.03734014575414827	ZDHHC20	253832
PC6	negative	15	SHPRH|257218	-0.03714285727402528	0.03714285727402528	SHPRH	257218
PC6	negative	16	COL5A2|1290	-0.03706489161819991	0.03706489161819991	COL5A2	1290
PC6	negative	17	NCOA2|10499	-0.0366469943098757	0.0366469943098757	NCOA2	10499
PC6	negative	18	DENND1B|163486	-0.035811082637781745	0.035811082637781745	DENND1B	163486
PC6	negative	19	SERINC5|256987	-0.03574002066903024	0.03574002066903024	SERINC5	256987
PC6	negative	20	ZNF460|10794	-0.035628586752842334	0.035628586752842334	ZNF460	10794
PC7	positive	1	S100A2|6273	0.04550924313335059	0.04550924313335059	S100A2	6273
PC7	positive	2	ANXA1|301	0.04520459105116471	0.04520459105116471	ANXA1	301
PC7	positive	3	ANXA8|653145	0.04230758395649034	0.04230758395649034	ANXA8	653145
PC7	positive	4	C1orf170|84808	0.04216921484413483	0.04216921484413483	C1orf170	84808
PC7	positive	5	ANXA8L2|244	0.04215344828993316	0.04215344828993316	ANXA8L2	244
PC7	positive	6	S100A11|6282	0.03986872537938284	0.03986872537938284	S100A11	6282
PC7	positive	7	ANXA2|302	0.03978462093965859	0.03978462093965859	ANXA2	302
PC7	positive	8	CLIC3|9022	0.039486649245119326	0.039486649245119326	CLIC3	9022
PC7	positive	9	WNT7B|7477	0.03908008988571264	0.03908008988571264	WNT7B	7477
PC7	positive	10	LOC100131726|100131726	0.03752186573259946	0.03752186573259946	LOC100131726	100131726
PC7	positive	11	NCRNA00152|112597	0.03729489392354558	0.03729489392354558	NCRNA00152	112597
PC7	positive	12	IL18|3606	0.03683294679365697	0.03683294679365697	IL18	3606
PC7	positive	13	MUC16|94025	0.03625410226791973	0.03625410226791973	MUC16	94025
PC7	positive	14	LOC728643|728643	0.03597491347715259	0.03597491347715259	LOC728643	728643
PC7	positive	15	PLK2|10769	0.035760160898806376	0.035760160898806376	PLK2	10769
PC7	positive	16	GPR87|53836	0.03544482402819377	0.03544482402819377	GPR87	53836
PC7	positive	17	C9orf169|375791	0.03532465505730666	0.03532465505730666	C9orf169	375791
PC7	positive	18	TM4SF1|4071	0.03506261121420879	0.03506261121420879	TM4SF1	4071
PC7	positive	19	CSTB|1476	0.03466511174772443	0.03466511174772443	CSTB	1476
PC7	positive	20	FOSL1|8061	0.03460440260736169	0.03460440260736169	FOSL1	8061
PC7	negative	1	PANK1|53354	-0.03573656119365938	0.03573656119365938	PANK1	53354
PC7	negative	2	C12orf34|84915	-0.03331755010365878	0.03331755010365878	C12orf34	84915
PC7	negative	3	MAN1A1|4121	-0.03240847225503226	0.03240847225503226	MAN1A1	4121
PC7	negative	4	VIL1|7429	-0.031799510539878624	0.031799510539878624	VIL1	7429
PC7	negative	5	SLC39A5|283375	-0.03158901582262081	0.03158901582262081	SLC39A5	283375
PC7	negative	6	PTCH1|5727	-0.03114720839620049	0.03114720839620049	PTCH1	5727
PC7	negative	7	KHK|3795	-0.031039132180114507	0.031039132180114507	KHK	3795
PC7	negative	8	RHOU|58480	-0.03032827231841444	0.03032827231841444	RHOU	58480
PC7	negative	9	MGAT5|4249	-0.03005144071397301	0.03005144071397301	MGAT5	4249
PC7	negative	10	EPHX2|2053	-0.029678037148040237	0.029678037148040237	EPHX2	2053
PC7	negative	11	ACSL6|23305	-0.02964551856620224	0.02964551856620224	ACSL6	23305
PC7	negative	12	ZBED3|84327	-0.02911390771766252	0.02911390771766252	ZBED3	84327
PC7	negative	13	WNK2|65268	-0.029079618001732747	0.029079618001732747	WNK2	65268
PC7	negative	14	ATP7B|540	-0.02898364890725449	0.02898364890725449	ATP7B	540
PC7	negative	15	CELF3|11189	-0.02893597952293031	0.02893597952293031	CELF3	11189
PC7	negative	16	CHN2|1124	-0.02892900996222247	0.02892900996222247	CHN2	1124
PC7	negative	17	LOC93432|93432	-0.028871207179264564	0.028871207179264564	LOC93432	93432
PC7	negative	18	MGAT4A|11320	-0.028762938483639824	0.028762938483639824	MGAT4A	11320
PC7	negative	19	STXBP6|29091	-0.02872936812746751	0.02872936812746751	STXBP6	29091
PC7	negative	20	PLAGL2|5326	-0.028718041724434294	0.028718041724434294	PLAGL2	5326
PC8	positive	1	HEPH|9843	0.04426585268947136	0.04426585268947136	HEPH	9843
PC8	positive	2	TUBAL3|79861	0.04357399189923715	0.04357399189923715	TUBAL3	79861
PC8	positive	3	CDX2|1045	0.040900872759861664	0.040900872759861664	CDX2	1045
PC8	positive	4	PHGR1|644844	0.04070474681294718	0.04070474681294718	PHGR1	644844
PC8	positive	5	LACTB2|51110	0.04020568249214544	0.04020568249214544	LACTB2	51110
PC8	positive	6	SHD|56961	0.03985722775331996	0.03985722775331996	SHD	56961
PC8	positive	7	ANO9|338440	0.0394747286038119	0.0394747286038119	ANO9	338440
PC8	positive	8	BTNL3|10917	0.03927612795272338	0.03927612795272338	BTNL3	10917
PC8	positive	9	GPA33|10223	0.03914157027435392	0.03914157027435392	GPA33	10223
PC8	positive	10	FABP2|2169	0.03870367670694116	0.03870367670694116	FABP2	2169
PC8	positive	11	ASCL2|430	0.03836774724161794	0.03836774724161794	ASCL2	430
PC8	positive	12	NOS2|4843	0.03811492147306514	0.03811492147306514	NOS2	4843
PC8	positive	13	C2orf89|129293	0.037963557777155016	0.037963557777155016	C2orf89	129293
PC8	positive	14	C10orf125|282969	0.037663916138906677	0.037663916138906677	C10orf125	282969
PC8	positive	15	C17orf78|284099	0.03760550980860801	0.03760550980860801	C17orf78	284099
PC8	positive	16	C1orf180|439927	0.03760379894995662	0.03760379894995662	C1orf180	439927
PC8	positive	17	C14orf176|643382	0.03758249829024094	0.03758249829024094	C14orf176	643382
PC8	positive	18	C19orf45|374877	0.037061618147865	0.037061618147865	C19orf45	374877
PC8	positive	19	CITED1|4435	0.036942701878703355	0.036942701878703355	CITED1	4435
PC8	positive	20	PDSS1|23590	0.03687713691008322	0.03687713691008322	PDSS1	23590
PC8	negative	1	GPRC5B|51704	-0.03888864912991496	0.03888864912991496	GPRC5B	51704
PC8	negative	2	SLC26A9|115019	-0.03834972808630551	0.03834972808630551	SLC26A9	115019
PC8	negative	3	EYA2|2139	-0.03807451565417268	0.03807451565417268	EYA2	2139
PC8	negative	4	CDKL5|6792	-0.03711197230117237	0.03711197230117237	CDKL5	6792
PC8	negative	5	SLC9A7|84679	-0.035728354198886134	0.035728354198886134	SLC9A7	84679
PC8	negative	6	ERN1|2081	-0.03564607192208439	0.03564607192208439	ERN1	2081
PC8	negative	7	RASAL1|8437	-0.03502183069934126	0.03502183069934126	RASAL1	8437
PC8	negative	8	LOC400043|400043	-0.034758093625183985	0.034758093625183985	LOC400043	400043
PC8	negative	9	UHMK1|127933	-0.03387488682084359	0.03387488682084359	UHMK1	127933
PC8	negative	10	HOMER2|9455	-0.033648164477121684	0.033648164477121684	HOMER2	9455
PC8	negative	11	SUSD4|55061	-0.033435844723171466	0.033435844723171466	SUSD4	55061
PC8	negative	12	ZNF512B|57473	-0.03313588537217397	0.03313588537217397	ZNF512B	57473
PC8	negative	13	FAM107B|83641	-0.0330341248396173	0.0330341248396173	FAM107B	83641
PC8	negative	14	FAM189A2|9413	-0.032327233738980374	0.032327233738980374	FAM189A2	9413
PC8	negative	15	A4GNT|51146	-0.03179652911486967	0.03179652911486967	A4GNT	51146
PC8	negative	16	PPM1L|151742	-0.03178879499958063	0.03178879499958063	PPM1L	151742
PC8	negative	17	ARSG|22901	-0.03138512762136831	0.03138512762136831	ARSG	22901
PC8	negative	18	SIX4|51804	-0.03130805402174008	0.03130805402174008	SIX4	51804
PC8	negative	19	LIFR|3977	-0.031157169314963575	0.031157169314963575	LIFR	3977
PC8	negative	20	CUEDC1|404093	-0.030823759927955555	0.030823759927955555	CUEDC1	404093
PC9	positive	1	PMS2L11|441263	0.047359887117856506	0.047359887117856506	PMS2L11	441263
PC9	positive	2	C19orf71|100128569	0.04520816125552862	0.04520816125552862	C19orf71	100128569
PC9	positive	3	NOTCH1|4851	0.04500640839089244	0.04500640839089244	NOTCH1	4851
PC9	positive	4	PRIC285|85441	0.04156841834551431	0.04156841834551431	PRIC285	85441
PC9	positive	5	ZDHHC1|29800	0.040279346820220496	0.040279346820220496	ZDHHC1	29800
PC9	positive	6	ZNF703|80139	0.03794364347418741	0.03794364347418741	ZNF703	80139
PC9	positive	7	IFFO2|126917	0.03679216962301779	0.03679216962301779	IFFO2	126917
PC9	positive	8	SH3D20|201175	0.0367366326127815	0.0367366326127815	SH3D20	201175
PC9	positive	9	ITGB4|3691	0.03659522008501493	0.03659522008501493	ITGB4	3691
PC9	positive	10	NLRC5|84166	0.03640902332429808	0.03640902332429808	NLRC5	84166
PC9	positive	11	CCDC40|55036	0.03619308327171942	0.03619308327171942	CCDC40	55036
PC9	positive	12	ABCA2|20	0.035910109192822746	0.035910109192822746	ABCA2	20
PC9	positive	13	TTYH3|80727	0.03519786636702452	0.03519786636702452	TTYH3	80727
PC9	positive	14	CUEDC1|404093	0.03510586497848521	0.03510586497848521	CUEDC1	404093
PC9	positive	15	EME2|197342	0.03489472967783338	0.03489472967783338	EME2	197342
PC9	positive	16	SYNE2|23224	0.034806939105844176	0.034806939105844176	SYNE2	23224
PC9	positive	17	BCL11B|64919	0.034296319850817665	0.034296319850817665	BCL11B	64919
PC9	positive	18	SGK223|157285	0.034233579136951235	0.034233579136951235	SGK223	157285
PC9	positive	19	PBX4|80714	0.03409468707007736	0.03409468707007736	PBX4	80714
PC9	positive	20	TCF7|6932	0.03401799518467345	0.03401799518467345	TCF7	6932
PC9	negative	1	LOC100130331|100130331	-0.03974169909727958	0.03974169909727958	LOC100130331	100130331
PC9	negative	2	NACA2|342538	-0.03806721349636448	0.03806721349636448	NACA2	342538
PC9	negative	3	HSP90B3P|343477	-0.036888077071202126	0.036888077071202126	HSP90B3P	343477
PC9	negative	4	P704P|641455	-0.03649591329366982	0.03649591329366982	P704P	641455
PC9	negative	5	UBE2NL|389898	-0.03607571497408264	0.03607571497408264	UBE2NL	389898
PC9	negative	6	HBA2|3040	-0.036030095931054384	0.036030095931054384	HBA2	3040
PC9	negative	7	RPL17|6139	-0.035746614251264734	0.035746614251264734	RPL17	6139
PC9	negative	8	RPS18|6222	-0.03555245602202086	0.03555245602202086	RPS18	6222
PC9	negative	9	TUBB2A|7280	-0.03367212095893254	0.03367212095893254	TUBB2A	7280
PC9	negative	10	HBA1|3039	-0.03284940063486534	0.03284940063486534	HBA1	3039
PC9	negative	11	RPL19P12|100129424	-0.03277878591430656	0.03277878591430656	RPL19P12	100129424
PC9	negative	12	LOC442454|442454	-0.03196174643765271	0.03196174643765271	LOC442454	442454
PC9	negative	13	DHRS4|10901	-0.031821794764066554	0.031821794764066554	DHRS4	10901
PC9	negative	14	RPL12|6136	-0.031181879448811477	0.031181879448811477	RPL12	6136
PC9	negative	15	ACOT1|641371	-0.03097265848526915	0.03097265848526915	ACOT1	641371
PC9	negative	16	RPL13AP6|644511	-0.030972089235035315	0.030972089235035315	RPL13AP6	644511
PC9	negative	17	DHRS4L2|317749	-0.030846053165266688	0.030846053165266688	DHRS4L2	317749
PC9	negative	18	LDHB|3945	-0.03056293194295413	0.03056293194295413	LDHB	3945
PC9	negative	19	FKBP11|51303	-0.030162351000705898	0.030162351000705898	FKBP11	51303
PC9	negative	20	EEF1A1P9|441032	-0.030139025308525313	0.030139025308525313	EEF1A1P9	441032
PC10	positive	1	FBXL16|146330	0.054538100946875556	0.054538100946875556	FBXL16	146330
PC10	positive	2	RAB3A|5864	0.0436755341685741	0.0436755341685741	RAB3A	5864
PC10	positive	3	EMX1|2016	0.041101689744662634	0.041101689744662634	EMX1	2016
PC10	positive	4	BEGAIN|57596	0.03934896983890101	0.03934896983890101	BEGAIN	57596
PC10	positive	5	PODXL2|50512	0.03934093570867871	0.03934093570867871	PODXL2	50512
PC10	positive	6	METRN|79006	0.03920472362867376	0.03920472362867376	METRN	79006
PC10	positive	7	ULBP3|79465	0.038800269422267115	0.038800269422267115	ULBP3	79465
PC10	positive	8	TMEM52|339456	0.03828741952774219	0.03828741952774219	TMEM52	339456
PC10	positive	9	F12|2161	0.03713516569433664	0.03713516569433664	F12	2161
PC10	positive	10	ABCA3|21	0.03678419767031307	0.03678419767031307	ABCA3	21
PC10	positive	11	TP73|7161	0.0364206126952521	0.0364206126952521	TP73	7161
PC10	positive	12	ICAM5|7087	0.03621558788915173	0.03621558788915173	ICAM5	7087
PC10	positive	13	CSPG5|10675	0.035410300128805326	0.035410300128805326	CSPG5	10675
PC10	positive	14	A2LD1|87769	0.03525219820368777	0.03525219820368777	A2LD1	87769
PC10	positive	15	PAX5|5079	0.03522580030512746	0.03522580030512746	PAX5	5079
PC10	positive	16	PKN3|29941	0.0345398417271961	0.0345398417271961	PKN3	29941
PC10	positive	17	BMP8B|656	0.034349514709094975	0.034349514709094975	BMP8B	656
PC10	positive	18	STK32C|282974	0.034097338402393956	0.034097338402393956	STK32C	282974
PC10	positive	19	N4BP3|23138	0.03392441206230632	0.03392441206230632	N4BP3	23138
PC10	positive	20	LPCAT1|79888	0.033648402290022576	0.033648402290022576	LPCAT1	79888
PC10	negative	1	KRT23|25984	-0.043016727903697	0.043016727903697	KRT23	25984
PC10	negative	2	LPAR6|10161	-0.037132875656324886	0.037132875656324886	LPAR6	10161
PC10	negative	3	MLH1|4292	-0.03694736376000566	0.03694736376000566	MLH1	4292
PC10	negative	4	CPVL|54504	-0.035859660728689395	0.035859660728689395	CPVL	54504
PC10	negative	5	MMP7|4316	-0.03541054845419432	0.03541054845419432	MMP7	4316
PC10	negative	6	EPM2AIP1|9852	-0.035214825338480006	0.035214825338480006	EPM2AIP1	9852
PC10	negative	7	CA13|377677	-0.03510770635005871	0.03510770635005871	CA13	377677
PC10	negative	8	LOC285419|285419	-0.034445430360610395	0.034445430360610395	LOC285419	285419
PC10	negative	9	GPCPD1|56261	-0.03440013975447107	0.03440013975447107	GPCPD1	56261
PC10	negative	10	TGM2|7052	-0.033956006787331273	0.033956006787331273	TGM2	7052
PC10	negative	11	LCA5|167691	-0.03376110475092779	0.03376110475092779	LCA5	167691
PC10	negative	12	CHN2|1124	-0.033691598583885915	0.033691598583885915	CHN2	1124
PC10	negative	13	NAALADL2|254827	-0.03327005113142225	0.03327005113142225	NAALADL2	254827
PC10	negative	14	ABCC4|10257	-0.03313593954542104	0.03313593954542104	ABCC4	10257
PC10	negative	15	NPHP1|4867	-0.032898885884266905	0.032898885884266905	NPHP1	4867
PC10	negative	16	ALDH3B2|222	-0.03289129430270261	0.03289129430270261	ALDH3B2	222
PC10	negative	17	CFI|3426	-0.032651958616196006	0.032651958616196006	CFI	3426
PC10	negative	18	CCDC148|130940	-0.03253674264601885	0.03253674264601885	CCDC148	130940
PC10	negative	19	NEURL3|93082	-0.03235334184800218	0.03235334184800218	NEURL3	93082
PC10	negative	20	ATP9A|10079	-0.032214356333356745	0.032214356333356745	ATP9A	10079
PC11	positive	1	RNASE7|84659	0.048459195593250085	0.048459195593250085	RNASE7	84659
PC11	positive	2	CAPN14|440854	0.04831244032076766	0.04831244032076766	CAPN14	440854
PC11	positive	3	TMEM154|201799	0.04819154589640791	0.04819154589640791	TMEM154	201799
PC11	positive	4	CLCA4|22802	0.04580316227578269	0.04580316227578269	CLCA4	22802
PC11	positive	5	C1orf161|126868	0.045753289471200435	0.045753289471200435	C1orf161	126868
PC11	positive	6	CAPNS2|84290	0.04552562140728469	0.04552562140728469	CAPNS2	84290
PC11	positive	7	BTBD11|121551	0.0454895448641756	0.0454895448641756	BTBD11	121551
PC11	positive	8	ACER1|125981	0.045101669268342415	0.045101669268342415	ACER1	125981
PC11	positive	9	FAT2|2196	0.0442839617725249	0.0442839617725249	FAT2	2196
PC11	positive	10	TMPRSS11D|9407	0.044185700784558565	0.044185700784558565	TMPRSS11D	9407
PC11	positive	11	TGM3|7053	0.04343316043365107	0.04343316043365107	TGM3	7053
PC11	positive	12	S100A9|6280	0.043274741360185595	0.043274741360185595	S100A9	6280
PC11	positive	13	CLCA2|9635	0.042754142084547135	0.042754142084547135	CLCA2	9635
PC11	positive	14	CDHR1|92211	0.04264831038369788	0.04264831038369788	CDHR1	92211
PC11	positive	15	MAL|4118	0.042616369271077655	0.042616369271077655	MAL	4118
PC11	positive	16	CNFN|84518	0.04259311368209785	0.04259311368209785	CNFN	84518
PC11	positive	17	TTC9|23508	0.042467999379708375	0.042467999379708375	TTC9	23508
PC11	positive	18	P2RY2|5029	0.04228222872281552	0.04228222872281552	P2RY2	5029
PC11	positive	19	TGM5|9333	0.04158912298685199	0.04158912298685199	TGM5	9333
PC11	positive	20	CEL|1056	0.04106857386989116	0.04106857386989116	CEL	1056
PC11	negative	1	CDR2L|30850	-0.04235496112975772	0.04235496112975772	CDR2L	30850
PC11	negative	2	GPRC5B|51704	-0.039413224873193146	0.039413224873193146	GPRC5B	51704
PC11	negative	3	GABRD|2563	-0.03929383656531563	0.03929383656531563	GABRD	2563
PC11	negative	4	COL4A1|1282	-0.03704294538197615	0.03704294538197615	COL4A1	1282
PC11	negative	5	DZIP1L|199221	-0.0366218027814916	0.0366218027814916	DZIP1L	199221
PC11	negative	6	CLDN18|51208	-0.036472505308152346	0.036472505308152346	CLDN18	51208
PC11	negative	7	PRKCI|5584	-0.03593174589456565	0.03593174589456565	PRKCI	5584
PC11	negative	8	MECOM|2122	-0.03424821526188639	0.03424821526188639	MECOM	2122
PC11	negative	9	SMAD6|4091	-0.03391965722734889	0.03391965722734889	SMAD6	4091
PC11	negative	10	EXOC3L2|90332	-0.033806969777489024	0.033806969777489024	EXOC3L2	90332
PC11	negative	11	GDPD1|284161	-0.03330315329500074	0.03330315329500074	GDPD1	284161
PC11	negative	12	TSPAN13|27075	-0.03251682784047338	0.03251682784047338	TSPAN13	27075
PC11	negative	13	ACAN|176	-0.03248767469217392	0.03248767469217392	ACAN	176
PC11	negative	14	SLC39A14|23516	-0.032412333070409735	0.032412333070409735	SLC39A14	23516
PC11	negative	15	C17orf28|283987	-0.03237999204753796	0.03237999204753796	C17orf28	283987
PC11	negative	16	PCDH12|51294	-0.032325812977013646	0.032325812977013646	PCDH12	51294
PC11	negative	17	C5orf32|84418	-0.03229448485110543	0.03229448485110543	C5orf32	84418
PC11	negative	18	CXCL16|58191	-0.03179851176276208	0.03179851176276208	CXCL16	58191
PC11	negative	19	COL4A2|1284	-0.03159844758988491	0.03159844758988491	COL4A2	1284
PC11	negative	20	ESM1|11082	-0.03144946571344886	0.03144946571344886	ESM1	11082
PC12	positive	1	SLC39A8|64116	0.04256197977046347	0.04256197977046347	SLC39A8	64116
PC12	positive	2	LOC100127888|100127888	0.041187026641841484	0.041187026641841484	LOC100127888	100127888
PC12	positive	3	RFX8|731220	0.04115217579556984	0.04115217579556984	RFX8	731220
PC12	positive	4	IL24|11009	0.039673448938127506	0.039673448938127506	IL24	11009
PC12	positive	5	CSF3|1440	0.03894628214635435	0.03894628214635435	CSF3	1440
PC12	positive	6	CETP|1071	0.037415318480981674	0.037415318480981674	CETP	1071
PC12	positive	7	IL1B|3553	0.03727694064553974	0.03727694064553974	IL1B	3553
PC12	positive	8	FAM167A|83648	0.03675507290962495	0.03675507290962495	FAM167A	83648
PC12	positive	9	CCDC102B|79839	0.03591192921591083	0.03591192921591083	CCDC102B	79839
PC12	positive	10	PROK2|60675	0.03542962276113734	0.03542962276113734	PROK2	60675
PC12	positive	11	MCF2L|23263	0.03531364836253959	0.03531364836253959	MCF2L	23263
PC12	positive	12	ROBO4|54538	0.03493166738954028	0.03493166738954028	ROBO4	54538
PC12	positive	13	PI15|51050	0.03483913614264298	0.03483913614264298	PI15	51050
PC12	positive	14	GRAP|10750	0.03482187895282369	0.03482187895282369	GRAP	10750
PC12	positive	15	CXCL6|6372	0.03457685834248889	0.03457685834248889	CXCL6	6372
PC12	positive	16	SLED1|643036	0.034027244389342404	0.034027244389342404	SLED1	643036
PC12	positive	17	ADAMTS14|140766	0.033679769775485306	0.033679769775485306	ADAMTS14	140766
PC12	positive	18	CSGALNACT1|55790	0.033106948014034014	0.033106948014034014	CSGALNACT1	55790
PC12	positive	19	PAPPA|5069	0.03310394450146857	0.03310394450146857	PAPPA	5069
PC12	positive	20	KIAA1324|57535	0.0329872790743282	0.0329872790743282	KIAA1324	57535
PC12	negative	1	FZD5|7855	-0.041804173730339324	0.041804173730339324	FZD5	7855
PC12	negative	2	HIF3A|64344	-0.03934981798909233	0.03934981798909233	HIF3A	64344
PC12	negative	3	JUB|84962	-0.03674834650382331	0.03674834650382331	JUB	84962
PC12	negative	4	EPHA1|2041	-0.03651810193260092	0.03651810193260092	EPHA1	2041
PC12	negative	5	IGSF11|152404	-0.03598914352742803	0.03598914352742803	IGSF11	152404
PC12	negative	6	STAT1|6772	-0.033839932724263826	0.033839932724263826	STAT1	6772
PC12	negative	7	SCUBE1|80274	-0.03369598989845904	0.03369598989845904	SCUBE1	80274
PC12	negative	8	CEBPA|1050	-0.03316629198369258	0.03316629198369258	CEBPA	1050
PC12	negative	9	LGR4|55366	-0.03290110734423382	0.03290110734423382	LGR4	55366
PC12	negative	10	EPB41L1|2036	-0.03280208000735602	0.03280208000735602	EPB41L1	2036
PC12	negative	11	PNCK|139728	-0.031940649340162	0.031940649340162	PNCK	139728
PC12	negative	12	OCLN|4950	-0.0318501347322566	0.0318501347322566	OCLN	4950
PC12	negative	13	KCTD1|284252	-0.03185006521665963	0.03185006521665963	KCTD1	284252
PC12	negative	14	MBOAT1|154141	-0.03149864314838502	0.03149864314838502	MBOAT1	154141
PC12	negative	15	ETV7|51513	-0.03127676879292668	0.03127676879292668	ETV7	51513
PC12	negative	16	LOC400759|400759	-0.0312732298195953	0.0312732298195953	LOC400759	400759
PC12	negative	17	IGSF3|3321	-0.03108500491803963	0.03108500491803963	IGSF3	3321
PC12	negative	18	SH3RF2|153769	-0.030814539323170985	0.030814539323170985	SH3RF2	153769
PC12	negative	19	SYDE2|84144	-0.030239263676163346	0.030239263676163346	SYDE2	84144
PC12	negative	20	AIM1L|55057	-0.030184477382896376	0.030184477382896376	AIM1L	55057
PC13	positive	1	NCRNA00164|554226	0.044700180885671625	0.044700180885671625	NCRNA00164	554226
PC13	positive	2	TMPRSS12|283471	0.04228841175351001	0.04228841175351001	TMPRSS12	283471
PC13	positive	3	RACGAP1P|83956	0.04202264636248606	0.04202264636248606	RACGAP1P	83956
PC13	positive	4	FAM138F|641702	0.0417163083849226	0.0417163083849226	FAM138F	641702
PC13	positive	5	OR5C1|392391	0.0416917565502131	0.0416917565502131	OR5C1	392391
PC13	positive	6	RSPH6A|81492	0.04133441181386628	0.04133441181386628	RSPH6A	81492
PC13	positive	7	LOC284232|284232	0.04087396933101206	0.04087396933101206	LOC284232	284232
PC13	positive	8	C2orf71|388939	0.04025573558872534	0.04025573558872534	C2orf71	388939
PC13	positive	9	MCART3P|442229	0.03971774530666583	0.03971774530666583	MCART3P	442229
PC13	positive	10	SLC4A1|6521	0.03954367403924998	0.03954367403924998	SLC4A1	6521
PC13	positive	11	C3orf16|389161	0.03940977026286006	0.03940977026286006	C3orf16	389161
PC13	positive	12	SLC12A1|6557	0.03919008999590415	0.03919008999590415	SLC12A1	6557
PC13	positive	13	DKFZP434L187|26082	0.03916121344785206	0.03916121344785206	DKFZP434L187	26082
PC13	positive	14	VHLL|391104	0.03896232879507157	0.03896232879507157	VHLL	391104
PC13	positive	15	GSG1|83445	0.038811845424331935	0.038811845424331935	GSG1	83445
PC13	positive	16	APOF|319	0.03872769627080036	0.03872769627080036	APOF	319
PC13	positive	17	FLJ45079|400624	0.037596900150814454	0.037596900150814454	FLJ45079	400624
PC13	positive	18	REXO1L1|254958	0.03758932231840489	0.03758932231840489	REXO1L1	254958
PC13	positive	19	KRT1|3848	0.037404000896366064	0.037404000896366064	KRT1	3848
PC13	positive	20	TGM5|9333	0.03719708911108284	0.03719708911108284	TGM5	9333
PC13	negative	1	SPEF2|79925	-0.03588082624123365	0.03588082624123365	SPEF2	79925
PC13	negative	2	FBXO44|93611	-0.034723578367775045	0.034723578367775045	FBXO44	93611
PC13	negative	3	RNF207|388591	-0.03446458923314776	0.03446458923314776	RNF207	388591
PC13	negative	4	OSBP2|23762	-0.03295108566980955	0.03295108566980955	OSBP2	23762
PC13	negative	5	APLP1|333	-0.03252405885028806	0.03252405885028806	APLP1	333
PC13	negative	6	TXNRD3IT1|645840	-0.03230185667036994	0.03230185667036994	TXNRD3IT1	645840
PC13	negative	7	MYO7A|4647	-0.031729522432984714	0.031729522432984714	MYO7A	4647
PC13	negative	8	HLA-J|3137	-0.03152484928772611	0.03152484928772611	HLA-J	3137
PC13	negative	9	CACNA1F|778	-0.031066931220139652	0.031066931220139652	CACNA1F	778
PC13	negative	10	C1orf204|284677	-0.03071669731072893	0.03071669731072893	C1orf204	284677
PC13	negative	11	FN3K|64122	-0.03058634971259852	0.03058634971259852	FN3K	64122
PC13	negative	12	GOLGA2B|55592	-0.030576550150738326	0.030576550150738326	GOLGA2B	55592
PC13	negative	13	LYG1|129530	-0.029855526754969802	0.029855526754969802	LYG1	129530
PC13	negative	14	SEPT3|55964	-0.029116382801863263	0.029116382801863263	SEPT3	55964
PC13	negative	15	LOC388588|388588	-0.028776620888407697	0.028776620888407697	LOC388588	388588
PC13	negative	16	GOLGA8B|440270	-0.028394991019582122	0.028394991019582122	GOLGA8B	440270
PC13	negative	17	SULF2|55959	-0.02827486366569914	0.02827486366569914	SULF2	55959
PC13	negative	18	CROCCL2|114819	-0.0279280059508408	0.0279280059508408	CROCCL2	114819
PC13	negative	19	C5orf42|65250	-0.02790802581962922	0.02790802581962922	C5orf42	65250
PC13	negative	20	FAM164A|51101	-0.02787787683594138	0.02787787683594138	FAM164A	51101
PC14	positive	1	CRB1|23418	0.042179359757476886	0.042179359757476886	CRB1	23418
PC14	positive	2	SLC12A1|6557	0.040848803603047656	0.040848803603047656	SLC12A1	6557
PC14	positive	3	B3GALT1|8708	0.04032156135801726	0.04032156135801726	B3GALT1	8708
PC14	positive	4	LHFPL5|222662	0.039578662255142526	0.039578662255142526	LHFPL5	222662
PC14	positive	5	FLJ45079|400624	0.03871833318678228	0.03871833318678228	FLJ45079	400624
PC14	positive	6	KIAA0087|9808	0.038691327287310534	0.038691327287310534	KIAA0087	9808
PC14	positive	7	NCAN|1463	0.03772329476749299	0.03772329476749299	NCAN	1463
PC14	positive	8	C3orf16|389161	0.037636081690036564	0.037636081690036564	C3orf16	389161
PC14	positive	9	FBXO15|201456	0.037627766964866735	0.037627766964866735	FBXO15	201456
PC14	positive	10	YSK4|80122	0.036622369132880556	0.036622369132880556	YSK4	80122
PC14	positive	11	ST18|9705	0.03606722292720143	0.03606722292720143	ST18	9705
PC14	positive	12	VHLL|391104	0.03596583067923821	0.03596583067923821	VHLL	391104
PC14	positive	13	MCART3P|442229	0.035937113453064794	0.035937113453064794	MCART3P	442229
PC14	positive	14	TMEM232|642987	0.03579575315194478	0.03579575315194478	TMEM232	642987
PC14	positive	15	ELAVL3|1995	0.035410864202920035	0.035410864202920035	ELAVL3	1995
PC14	positive	16	UNC80|285175	0.035165503748416795	0.035165503748416795	UNC80	285175
PC14	positive	17	C6orf165|154313	0.03504713830079484	0.03504713830079484	C6orf165	154313
PC14	positive	18	CASC2|255082	0.034924589818555944	0.034924589818555944	CASC2	255082
PC14	positive	19	KCNH7|90134	0.034515489345191365	0.034515489345191365	KCNH7	90134
PC14	positive	20	TMPRSS12|283471	0.03448980672935057	0.03448980672935057	TMPRSS12	283471
PC14	negative	1	AGER|177	-0.0363398776875751	0.0363398776875751	AGER	177
PC14	negative	2	HIC2|23119	-0.03225955929279472	0.03225955929279472	HIC2	23119
PC14	negative	3	LOC100132247|100132247	-0.03201961217226257	0.03201961217226257	LOC100132247	100132247
PC14	negative	4	COL7A1|1294	-0.031708274565349706	0.031708274565349706	COL7A1	1294
PC14	negative	5	SPTBN5|51332	-0.031420146607399876	0.031420146607399876	SPTBN5	51332
PC14	negative	6	CLDN6|9074	-0.031004627257168873	0.031004627257168873	CLDN6	9074
PC14	negative	7	PIF1|80119	-0.03099396453164484	0.03099396453164484	PIF1	80119
PC14	negative	8	OIT3|170392	-0.030786149513894627	0.030786149513894627	OIT3	170392
PC14	negative	9	NPIPL3|23117	-0.030474295695872157	0.030474295695872157	NPIPL3	23117
PC14	negative	10	TF|7018	-0.02960382428593302	0.02960382428593302	TF	7018
PC14	negative	11	NLRP1|22861	-0.02958901358462317	0.02958901358462317	NLRP1	22861
PC14	negative	12	C7orf54|27099	-0.029566147864676817	0.029566147864676817	C7orf54	27099
PC14	negative	13	CCDC18|343099	-0.029441117058632164	0.029441117058632164	CCDC18	343099
PC14	negative	14	ADAMTS7|11173	-0.02925584684298692	0.02925584684298692	ADAMTS7	11173
PC14	negative	15	LOC100128842|100128842	-0.029017546276229267	0.029017546276229267	LOC100128842	100128842
PC14	negative	16	ATAD3B|83858	-0.02872851786424698	0.02872851786424698	ATAD3B	83858
PC14	negative	17	FAM151A|338094	-0.028508293511061693	0.028508293511061693	FAM151A	338094
PC14	negative	18	LOC283314|283314	-0.02844495601890086	0.02844495601890086	LOC283314	283314
PC14	negative	19	UNC13D|201294	-0.02835031749138428	0.02835031749138428	UNC13D	201294
PC14	negative	20	PNMA3|29944	-0.027864606367440096	0.027864606367440096	PNMA3	29944
PC15	positive	1	SOD2|6648	0.04612704631694339	0.04612704631694339	SOD2	6648
PC15	positive	2	MAP3K8|1326	0.043316546772973065	0.043316546772973065	MAP3K8	1326
PC15	positive	3	CFB|629	0.04326919150339252	0.04326919150339252	CFB	629
PC15	positive	4	CXCL2|2920	0.04230689620723087	0.04230689620723087	CXCL2	2920
PC15	positive	5	NFKBIZ|64332	0.04026076552845885	0.04026076552845885	NFKBIZ	64332
PC15	positive	6	ZC3H12A|80149	0.03978236882287069	0.03978236882287069	ZC3H12A	80149
PC15	positive	7	CRAT|1384	0.03686439043078023	0.03686439043078023	CRAT	1384
PC15	positive	8	FBXO6|26270	0.03625084563688771	0.03625084563688771	FBXO6	26270
PC15	positive	9	VWA1|64856	0.03555617279148919	0.03555617279148919	VWA1	64856
PC15	positive	10	S100A9|6280	0.03252764208262373	0.03252764208262373	S100A9	6280
PC15	positive	11	GSTM4|2948	0.03190927671122141	0.03190927671122141	GSTM4	2948
PC15	positive	12	TNFAIP2|7127	0.03176792788635369	0.03176792788635369	TNFAIP2	7127
PC15	positive	13	GPR109A|338442	0.03161437258517326	0.03161437258517326	GPR109A	338442
PC15	positive	14	GPR109B|8843	0.03152848838762452	0.03152848838762452	GPR109B	8843
PC15	positive	15	CLEC4E|26253	0.03141806544754224	0.03141806544754224	CLEC4E	26253
PC15	positive	16	S100A12|6283	0.0313682687827182	0.0313682687827182	S100A12	6283
PC15	positive	17	CSF3|1440	0.031192199349013322	0.031192199349013322	CSF3	1440
PC15	positive	18	ABCD1|215	0.031081130361025642	0.031081130361025642	ABCD1	215
PC15	positive	19	TLR2|7097	0.03087562023084912	0.03087562023084912	TLR2	7097
PC15	positive	20	FAM46B|115572	0.03083325952258053	0.03083325952258053	FAM46B	115572
PC15	negative	1	SOX4|6659	-0.04445644977574616	0.04445644977574616	SOX4	6659
PC15	negative	2	PPP1R1C|151242	-0.04426013182111054	0.04426013182111054	PPP1R1C	151242
PC15	negative	3	HHIP|64399	-0.039149678240216076	0.039149678240216076	HHIP	64399
PC15	negative	4	STON2|85439	-0.03710579397064223	0.03710579397064223	STON2	85439
PC15	negative	5	SAMD13|148418	-0.03671604113939637	0.03671604113939637	SAMD13	148418
PC15	negative	6	SHISA2|387914	-0.035984716245414446	0.035984716245414446	SHISA2	387914
PC15	negative	7	ZDHHC2|51201	-0.03462270887385996	0.03462270887385996	ZDHHC2	51201
PC15	negative	8	SIX4|51804	-0.034605871143189006	0.034605871143189006	SIX4	51804
PC15	negative	9	KIAA1755|85449	-0.034596902483083204	0.034596902483083204	KIAA1755	85449
PC15	negative	10	LSR|51599	-0.0344446245271467	0.0344446245271467	LSR	51599
PC15	negative	11	ETV1|2115	-0.03370137991740754	0.03370137991740754	ETV1	2115
PC15	negative	12	PSD3|23362	-0.03316362885554424	0.03316362885554424	PSD3	23362
PC15	negative	13	CENPK|64105	-0.03294538189920048	0.03294538189920048	CENPK	64105
PC15	negative	14	TEX9|374618	-0.03270185212317695	0.03270185212317695	TEX9	374618
PC15	negative	15	KCNK12|56660	-0.032607778295089186	0.032607778295089186	KCNK12	56660
PC15	negative	16	ST18|9705	-0.03166093987802302	0.03166093987802302	ST18	9705
PC15	negative	17	ITGB6|3694	-0.031641499548393105	0.031641499548393105	ITGB6	3694
PC15	negative	18	NR2F1|7025	-0.031540673098582786	0.031540673098582786	NR2F1	7025
PC15	negative	19	ADAM22|53616	-0.031103457556651684	0.031103457556651684	ADAM22	53616
PC15	negative	20	B3GALT2|8707	-0.030948151791147054	0.030948151791147054	B3GALT2	8707
PC16	positive	1	PCSK4|54760	0.04681276645588062	0.04681276645588062	PCSK4	54760
PC16	positive	2	FDXR|2232	0.04148481487622059	0.04148481487622059	FDXR	2232
PC16	positive	3	EFNA3|1944	0.03855387622623999	0.03855387622623999	EFNA3	1944
PC16	positive	4	TGM1|7051	0.037945860501906986	0.037945860501906986	TGM1	7051
PC16	positive	5	MPZL2|10205	0.037888473103738565	0.037888473103738565	MPZL2	10205
PC16	positive	6	ARHGAP8|23779	0.03653187003596622	0.03653187003596622	ARHGAP8	23779
PC16	positive	7	PARD6G|84552	0.03613074000089891	0.03613074000089891	PARD6G	84552
PC16	positive	8	NDRG2|57447	0.035420194222366516	0.035420194222366516	NDRG2	57447
PC16	positive	9	CYP4X1|260293	0.035336524608545555	0.035336524608545555	CYP4X1	260293
PC16	positive	10	MAMDC4|158056	0.035263592271411355	0.035263592271411355	MAMDC4	158056
PC16	positive	11	DSP|1832	0.03512075918873938	0.03512075918873938	DSP	1832
PC16	positive	12	BSPRY|54836	0.03493483810586966	0.03493483810586966	BSPRY	54836
PC16	positive	13	ZNF433|163059	0.034514005981291354	0.034514005981291354	ZNF433	163059
PC16	positive	14	GJB2|2706	0.03439444762569169	0.03439444762569169	GJB2	2706
PC16	positive	15	TMC4|147798	0.03437691166898186	0.03437691166898186	TMC4	147798
PC16	positive	16	C19orf57|79173	0.034264993760233765	0.034264993760233765	C19orf57	79173
PC16	positive	17	TSPAN6|7105	0.03413938236839734	0.03413938236839734	TSPAN6	7105
PC16	positive	18	MEGF6|1953	0.03374557402607139	0.03374557402607139	MEGF6	1953
PC16	positive	19	FGFR3|2261	0.0336491319335219	0.0336491319335219	FGFR3	2261
PC16	positive	20	GRHL1|29841	0.033630290238646283	0.033630290238646283	GRHL1	29841
PC16	negative	1	SLC38A1|81539	-0.03969050554081404	0.03969050554081404	SLC38A1	81539
PC16	negative	2	F8A1|8263	-0.039602065969925625	0.039602065969925625	F8A1	8263
PC16	negative	3	CABP4|57010	-0.03887423351937596	0.03887423351937596	CABP4	57010
PC16	negative	4	KIAA1383|54627	-0.03692395368645967	0.03692395368645967	KIAA1383	54627
PC16	negative	5	TMEM55A|55529	-0.036887069907385064	0.036887069907385064	TMEM55A	55529
PC16	negative	6	RELL2|285613	-0.03656990596165115	0.03656990596165115	RELL2	285613
PC16	negative	7	ANTXR2|118429	-0.036361051714515605	0.036361051714515605	ANTXR2	118429
PC16	negative	8	PRDM8|56978	-0.036110979884934384	0.036110979884934384	PRDM8	56978
PC16	negative	9	LONRF3|79836	-0.03579482237834369	0.03579482237834369	LONRF3	79836
PC16	negative	10	NT5E|4907	-0.03532099567068524	0.03532099567068524	NT5E	4907
PC16	negative	11	IRAK2|3656	-0.034569198118705645	0.034569198118705645	IRAK2	3656
PC16	negative	12	DGKH|160851	-0.03454754005681138	0.03454754005681138	DGKH	160851
PC16	negative	13	RPL13P5|283345	-0.03375427024540684	0.03375427024540684	RPL13P5	283345
PC16	negative	14	RNF126P1|376412	-0.033666100814638986	0.033666100814638986	RNF126P1	376412
PC16	negative	15	KBTBD12|166348	-0.0335848452315324	0.0335848452315324	KBTBD12	166348
PC16	negative	16	DGKG|1608	-0.03345403788063164	0.03345403788063164	DGKG	1608
PC16	negative	17	RASSF3|283349	-0.033346451581276124	0.033346451581276124	RASSF3	283349
PC16	negative	18	SCRN1|9805	-0.03285045800184609	0.03285045800184609	SCRN1	9805
PC16	negative	19	GPR19|2842	-0.03267800737432998	0.03267800737432998	GPR19	2842
PC16	negative	20	CATSPER1|117144	-0.032186403233698105	0.032186403233698105	CATSPER1	117144
PC17	positive	1	FAM83D|81610	0.04141214646809912	0.04141214646809912	FAM83D	81610
PC17	positive	2	TMPRSS3|64699	0.041234664698445944	0.041234664698445944	TMPRSS3	64699
PC17	positive	3	GMPR|2766	0.03835350303596851	0.03835350303596851	GMPR	2766
PC17	positive	4	KCTD14|65987	0.037973894988688355	0.037973894988688355	KCTD14	65987
PC17	positive	5	GGH|8836	0.036424567559400545	0.036424567559400545	GGH	8836
PC17	positive	6	FOXC1|2296	0.03572542708283954	0.03572542708283954	FOXC1	2296
PC17	positive	7	EXPH5|23086	0.03567477582057274	0.03567477582057274	EXPH5	23086
PC17	positive	8	JPH1|56704	0.03566399382105971	0.03566399382105971	JPH1	56704
PC17	positive	9	FAM125B|89853	0.0353951805201017	0.0353951805201017	FAM125B	89853
PC17	positive	10	AXIN2|8313	0.034904873774657355	0.034904873774657355	AXIN2	8313
PC17	positive	11	NKD1|85407	0.034854640115445236	0.034854640115445236	NKD1	85407
PC17	positive	12	VSNL1|7447	0.034779321996319806	0.034779321996319806	VSNL1	7447
PC17	positive	13	PART1|25859	0.03468749414461412	0.03468749414461412	PART1	25859
PC17	positive	14	ASCL2|430	0.03453405132980196	0.03453405132980196	ASCL2	430
PC17	positive	15	UBD|10537	0.034352819757817836	0.034352819757817836	UBD	10537
PC17	positive	16	ZNF391|346157	0.03410479744091841	0.03410479744091841	ZNF391	346157
PC17	positive	17	CITED4|163732	0.033793200913546935	0.033793200913546935	CITED4	163732
PC17	positive	18	CD8B|926	0.03371155479876256	0.03371155479876256	CD8B	926
PC17	positive	19	DSCC1|79075	0.033611084680812656	0.033611084680812656	DSCC1	79075
PC17	positive	20	LOC400759|400759	0.03358147834579669	0.03358147834579669	LOC400759	400759
PC17	negative	1	ABAT|18	-0.03475174647774948	0.03475174647774948	ABAT	18
PC17	negative	2	ACCN3|9311	-0.03173099430353237	0.03173099430353237	ACCN3	9311
PC17	negative	3	HAPLN4|404037	-0.03141204681938036	0.03141204681938036	HAPLN4	404037
PC17	negative	4	FSCN2|25794	-0.03117069534661986	0.03117069534661986	FSCN2	25794
PC17	negative	5	FCRLB|127943	-0.030680418694524998	0.030680418694524998	FCRLB	127943
PC17	negative	6	LOC100131691|100131691	-0.03030143624799168	0.03030143624799168	LOC100131691	100131691
PC17	negative	7	MRO|83876	-0.030272474404135226	0.030272474404135226	MRO	83876
PC17	negative	8	ANPEP|290	-0.028449200447187243	0.028449200447187243	ANPEP	290
PC17	negative	9	PGAM2|5224	-0.028267300758664154	0.028267300758664154	PGAM2	5224
PC17	negative	10	SLC25A34|284723	-0.02792953088800795	0.02792953088800795	SLC25A34	284723
PC17	negative	11	KIAA1211|57482	-0.027538478375157053	0.027538478375157053	KIAA1211	57482
PC17	negative	12	SLC23A1|9963	-0.02742439483836833	0.02742439483836833	SLC23A1	9963
PC17	negative	13	TMEM72|643236	-0.0271306345303	0.0271306345303	TMEM72	643236
PC17	negative	14	CLDN15|24146	-0.026950613558748504	0.026950613558748504	CLDN15	24146
PC17	negative	15	FBXO24|26261	-0.026803224979388772	0.026803224979388772	FBXO24	26261
PC17	negative	16	HS3ST2|9956	-0.026700492529071047	0.026700492529071047	HS3ST2	9956
PC17	negative	17	MGAT3|4248	-0.0266563726848587	0.0266563726848587	MGAT3	4248
PC17	negative	18	ACTN3|89	-0.026535810764376867	0.026535810764376867	ACTN3	89
PC17	negative	19	CAMK2B|816	-0.02651438284332116	0.02651438284332116	CAMK2B	816
PC17	negative	20	TMEM105|284186	-0.026241889190905403	0.026241889190905403	TMEM105	284186
PC18	positive	1	SPDYE3|441272	0.04630682222582553	0.04630682222582553	SPDYE3	441272
PC18	positive	2	RPL17|6139	0.044754593523516115	0.044754593523516115	RPL17	6139
PC18	positive	3	PMS2L1|5379	0.044580090876787284	0.044580090876787284	PMS2L1	5379
PC18	positive	4	RPS18|6222	0.041196833063973246	0.041196833063973246	RPS18	6222
PC18	positive	5	RNF5P1|286140	0.04050612808669033	0.04050612808669033	RNF5P1	286140
PC18	positive	6	SPDYE7P|441251	0.039241750512940994	0.039241750512940994	SPDYE7P	441251
PC18	positive	7	RPL7|6129	0.037872397053025274	0.037872397053025274	RPL7	6129
PC18	positive	8	DHRS4|10901	0.0376966680987705	0.0376966680987705	DHRS4	10901
PC18	positive	9	ETV3L|440695	0.03689079843611503	0.03689079843611503	ETV3L	440695
PC18	positive	10	PLCD1|5333	0.03640385280798331	0.03640385280798331	PLCD1	5333
PC18	positive	11	PMS2L5|5383	0.03625826305201386	0.03625826305201386	PMS2L5	5383
PC18	positive	12	UAP1L1|91373	0.035763187518925925	0.035763187518925925	UAP1L1	91373
PC18	positive	13	GBAP1|2630	0.03570518638725236	0.03570518638725236	GBAP1	2630
PC18	positive	14	RUNDC2C|440352	0.03563699307497413	0.03563699307497413	RUNDC2C	440352
PC18	positive	15	DHRS4L2|317749	0.03548784751514816	0.03548784751514816	DHRS4L2	317749
PC18	positive	16	LOC100132832|100132832	0.03536395896888283	0.03536395896888283	LOC100132832	100132832
PC18	positive	17	LRRN4|164312	0.035048578725022206	0.035048578725022206	LRRN4	164312
PC18	positive	18	RPL13AP6|644511	0.034032840890741316	0.034032840890741316	RPL13AP6	644511
PC18	positive	19	CTSH|1512	0.034013612258825925	0.034013612258825925	CTSH	1512
PC18	positive	20	NPIP|9284	0.03292311002854199	0.03292311002854199	NPIP	9284
PC18	negative	1	C14orf19|280655	-0.04357725347735605	0.04357725347735605	C14orf19	280655
PC18	negative	2	LOC220429|220429	-0.04304363190337344	0.04304363190337344	LOC220429	220429
PC18	negative	3	SNORA63|6043	-0.04224180028654495	0.04224180028654495	SNORA63	6043
PC18	negative	4	USP6|9098	-0.040860979425567705	0.040860979425567705	USP6	9098
PC18	negative	5	ZNF90|7643	-0.03971568989155536	0.03971568989155536	ZNF90	7643
PC18	negative	6	LOC647121|647121	-0.03946035053178313	0.03946035053178313	LOC647121	647121
PC18	negative	7	GPC4|2239	-0.039162079821530735	0.039162079821530735	GPC4	2239
PC18	negative	8	CAMK2N2|94032	-0.03902197167767633	0.03902197167767633	CAMK2N2	94032
PC18	negative	9	SYT5|6861	-0.03661088572428897	0.03661088572428897	SYT5	6861
PC18	negative	10	IL15|3600	-0.03616482645262848	0.03616482645262848	IL15	3600
PC18	negative	11	DNAJC12|56521	-0.035947166131967516	0.035947166131967516	DNAJC12	56521
PC18	negative	12	C4orf36|132989	-0.03592381516409629	0.03592381516409629	C4orf36	132989
PC18	negative	13	CRYBB2|1415	-0.03555628841794849	0.03555628841794849	CRYBB2	1415
PC18	negative	14	PRODH|5625	-0.03547854027016767	0.03547854027016767	PRODH	5625
PC18	negative	15	PRR22|163154	-0.03498858254355088	0.03498858254355088	PRR22	163154
PC18	negative	16	ATP1A3|478	-0.03458861494460276	0.03458861494460276	ATP1A3	478
PC18	negative	17	RPS26|6231	-0.03444484607133705	0.03444484607133705	RPS26	6231
PC18	negative	18	DYNLRB2|83657	-0.034346066356087966	0.034346066356087966	DYNLRB2	83657
PC18	negative	19	VGF|7425	-0.034331650960254326	0.034331650960254326	VGF	7425
PC18	negative	20	H3F3C|440093	-0.03425358193278517	0.03425358193278517	H3F3C	440093
PC19	positive	1	CLCF1|23529	0.04690277692419589	0.04690277692419589	CLCF1	23529
PC19	positive	2	KIFC3|3801	0.043048400201686106	0.043048400201686106	KIFC3	3801
PC19	positive	3	PARD6B|84612	0.0370733014872376	0.0370733014872376	PARD6B	84612
PC19	positive	4	AQP8|343	0.03697351870330892	0.03697351870330892	AQP8	343
PC19	positive	5	IRS1|3667	0.03596262783407443	0.03596262783407443	IRS1	3667
PC19	positive	6	GDAP1L1|78997	0.03554156405876403	0.03554156405876403	GDAP1L1	78997
PC19	positive	7	STMN3|50861	0.035342150659065735	0.035342150659065735	STMN3	50861
PC19	positive	8	RHOF|54509	0.03435046770482412	0.03435046770482412	RHOF	54509
PC19	positive	9	NUDT19|390916	0.034289011045475236	0.034289011045475236	NUDT19	390916
PC19	positive	10	HCN2|610	0.03405933831919084	0.03405933831919084	HCN2	610
PC19	positive	11	SEMA4G|57715	0.033875254293734426	0.033875254293734426	SEMA4G	57715
PC19	positive	12	SPIRE2|84501	0.03385613352872101	0.03385613352872101	SPIRE2	84501
PC19	positive	13	CDC42EP2|10435	0.033465656359018235	0.033465656359018235	CDC42EP2	10435
PC19	positive	14	HAS3|3038	0.033404716099746226	0.033404716099746226	HAS3	3038
PC19	positive	15	FLNB|2317	0.03338338780608586	0.03338338780608586	FLNB	2317
PC19	positive	16	CECR6|27439	0.03297310185117772	0.03297310185117772	CECR6	27439
PC19	positive	17	UCA1|652995	0.0328935017356783	0.0328935017356783	UCA1	652995
PC19	positive	18	C19orf21|126353	0.03269142749629148	0.03269142749629148	C19orf21	126353
PC19	positive	19	HRH3|11255	0.03262042823667967	0.03262042823667967	HRH3	11255
PC19	positive	20	PHLDA1|22822	0.03261904522396322	0.03261904522396322	PHLDA1	22822
PC19	negative	1	SCPEP1|59342	-0.04665577616499169	0.04665577616499169	SCPEP1	59342
PC19	negative	2	PIR|8544	-0.04090754285528665	0.04090754285528665	PIR	8544
PC19	negative	3	TLR5|7100	-0.03944121424553138	0.03944121424553138	TLR5	7100
PC19	negative	4	SEMA4A|64218	-0.03886330646534198	0.03886330646534198	SEMA4A	64218
PC19	negative	5	ACPP|55	-0.038847125977631125	0.038847125977631125	ACPP	55
PC19	negative	6	EMP2|2013	-0.03785027177068129	0.03785027177068129	EMP2	2013
PC19	negative	7	GLB1L|79411	-0.03704027907341314	0.03704027907341314	GLB1L	79411
PC19	negative	8	MR1|3140	-0.035894367122806116	0.035894367122806116	MR1	3140
PC19	negative	9	EPN3|55040	-0.0356239527326684	0.0356239527326684	EPN3	55040
PC19	negative	10	RAB38|23682	-0.03551657277423426	0.03551657277423426	RAB38	23682
PC19	negative	11	CYP4X1|260293	-0.03485472625354876	0.03485472625354876	CYP4X1	260293
PC19	negative	12	RDM1|201299	-0.03439725941551889	0.03439725941551889	RDM1	201299
PC19	negative	13	LTB4R|1241	-0.034353228822688625	0.034353228822688625	LTB4R	1241
PC19	negative	14	MYCBPAP|84073	-0.03431889625544312	0.03431889625544312	MYCBPAP	84073
PC19	negative	15	OIP5|11339	-0.034204348440523114	0.034204348440523114	OIP5	11339
PC19	negative	16	DAPL1|92196	-0.03409127240598512	0.03409127240598512	DAPL1	92196
PC19	negative	17	HMGN5|79366	-0.03351204048513839	0.03351204048513839	HMGN5	79366
PC19	negative	18	EFHC2|80258	-0.03317964673346743	0.03317964673346743	EFHC2	80258
PC19	negative	19	STARD5|80765	-0.033049157990694	0.033049157990694	STARD5	80765
PC19	negative	20	PROM2|150696	-0.03297224520785269	0.03297224520785269	PROM2	150696
PC20	positive	1	SLC10A6|345274	0.04784230380939914	0.04784230380939914	SLC10A6	345274
PC20	positive	2	FMO2|2327	0.046830060504366146	0.046830060504366146	FMO2	2327
PC20	positive	3	LYPD5|284348	0.04443139621319644	0.04443139621319644	LYPD5	284348
PC20	positive	4	GBP6|163351	0.04166120574820369	0.04166120574820369	GBP6	163351
PC20	positive	5	LRFN2|57497	0.04114860045379495	0.04114860045379495	LRFN2	57497
PC20	positive	6	TMPRSS11D|9407	0.04000015124984284	0.04000015124984284	TMPRSS11D	9407
PC20	positive	7	HIST2H3C|126961	0.03978081326099097	0.03978081326099097	HIST2H3C	126961
PC20	positive	8	TGM3|7053	0.039354345226075164	0.039354345226075164	TGM3	7053
PC20	positive	9	PRRG4|79056	0.03918086355556551	0.03918086355556551	PRRG4	79056
PC20	positive	10	HIST1H2BF|8343	0.03834531372072587	0.03834531372072587	HIST1H2BF	8343
PC20	positive	11	CAPNS2|84290	0.03763204514119021	0.03763204514119021	CAPNS2	84290
PC20	positive	12	RNF222|643904	0.03680182929971829	0.03680182929971829	RNF222	643904
PC20	positive	13	FAT2|2196	0.03674487206875762	0.03674487206875762	FAT2	2196
PC20	positive	14	GPR157|80045	0.036559364816927176	0.036559364816927176	GPR157	80045
PC20	positive	15	PRSS27|83886	0.036207268088782524	0.036207268088782524	PRSS27	83886
PC20	positive	16	RPRML|388394	0.036190536195664105	0.036190536195664105	RPRML	388394
PC20	positive	17	EPGN|255324	0.03616117381067043	0.03616117381067043	EPGN	255324
PC20	positive	18	LASS3|204219	0.03562002467150649	0.03562002467150649	LASS3	204219
PC20	positive	19	CSTA|1475	0.0353669902043953	0.0353669902043953	CSTA	1475
PC20	positive	20	TP53I11|9537	0.03509000866871794	0.03509000866871794	TP53I11	9537
PC20	negative	1	FGFRL1|53834	-0.04142674497638083	0.04142674497638083	FGFRL1	53834
PC20	negative	2	DNAH2|146754	-0.03961611257399554	0.03961611257399554	DNAH2	146754
PC20	negative	3	TMEM64|169200	-0.039212673486117705	0.039212673486117705	TMEM64	169200
PC20	negative	4	E2F5|1875	-0.038970180763093575	0.038970180763093575	E2F5	1875
PC20	negative	5	KIAA1549|57670	-0.03882775183498957	0.03882775183498957	KIAA1549	57670
PC20	negative	6	ACCN2|41	-0.038622015564228056	0.038622015564228056	ACCN2	41
PC20	negative	7	ID1|3397	-0.03859998773194406	0.03859998773194406	ID1	3397
PC20	negative	8	PYROXD2|84795	-0.03785633019064623	0.03785633019064623	PYROXD2	84795
PC20	negative	9	BMP4|652	-0.03771630250673784	0.03771630250673784	BMP4	652
PC20	negative	10	ANXA3|306	-0.036842574088766	0.036842574088766	ANXA3	306
PC20	negative	11	NUDT6|11162	-0.035828253684288325	0.035828253684288325	NUDT6	11162
PC20	negative	12	BAMBI|25805	-0.03544388538133709	0.03544388538133709	BAMBI	25805
PC20	negative	13	PON2|5445	-0.03525191644887007	0.03525191644887007	PON2	5445
PC20	negative	14	NKD1|85407	-0.03491385193709239	0.03491385193709239	NKD1	85407
PC20	negative	15	CMTM7|112616	-0.03409931199196701	0.03409931199196701	CMTM7	112616
PC20	negative	16	DLEC1|9940	-0.03400708439669135	0.03400708439669135	DLEC1	9940
PC20	negative	17	MAOB|4129	-0.0338237253633664	0.0338237253633664	MAOB	4129
PC20	negative	18	FBN2|2201	-0.033623652991323666	0.033623652991323666	FBN2	2201
PC20	negative	19	SH3TC2|79628	-0.03362123616353396	0.03362123616353396	SH3TC2	79628
PC20	negative	20	LIF|3976	-0.03280210080075315	0.03280210080075315	LIF	3976
