configuration_id	configuration_label	is_primary	n_neighbors	min_dist	metric	trustworthiness_k15	mean_jaccard_k15	trustworthiness_k30	mean_jaccard_k30
umap__metric-canberra__nn-5__mindist-0	metric=canberra, n_neighbors=5, min_dist=0	False	5	0.0	canberra	0.9065752364788978	0.2656640465686569	0.8756217521644878	0.2761368054248797
umap__metric-canberra__nn-5__mindist-0p1	metric=canberra, n_neighbors=5, min_dist=0.1	False	5	0.1	canberra	0.9141500486684803	0.2735554570291982	0.8885685020110642	0.2889808167967057
umap__metric-canberra__nn-5__mindist-0p5	metric=canberra, n_neighbors=5, min_dist=0.5	False	5	0.5	canberra	0.894336153609371	0.26137802728602566	0.8779877879177208	0.2783910875886033
umap__metric-canberra__nn-5__mindist-1	metric=canberra, n_neighbors=5, min_dist=1	False	5	1.0	canberra	0.8768080132444822	0.23965935970048396	0.8695302807542704	0.2719328692400058
umap__metric-canberra__nn-15__mindist-0	metric=canberra, n_neighbors=15, min_dist=0	False	15	0.0	canberra	0.9237872397068244	0.2983055612478331	0.9032351421873137	0.316577834025719
umap__metric-canberra__nn-15__mindist-0p1	metric=canberra, n_neighbors=15, min_dist=0.1	False	15	0.1	canberra	0.9203937571234848	0.28900612741341636	0.9024271844660194	0.3154054343148343
umap__metric-canberra__nn-15__mindist-0p5	metric=canberra, n_neighbors=15, min_dist=0.5	False	15	0.5	canberra	0.906000782023444	0.27427915254243673	0.8967505088367617	0.3109872732928796
umap__metric-canberra__nn-15__mindist-1	metric=canberra, n_neighbors=15, min_dist=1	False	15	1.0	canberra	0.8841290837846607	0.24288048571378112	0.8829079413855371	0.29612817476578646
umap__metric-canberra__nn-30__mindist-0	metric=canberra, n_neighbors=30, min_dist=0	False	30	0.0	canberra	0.921232768446186	0.2848554048383168	0.9030340357708933	0.31583802580011
umap__metric-canberra__nn-30__mindist-0p1	metric=canberra, n_neighbors=30, min_dist=0.1	False	30	0.1	canberra	0.919033535494713	0.28123723815420437	0.9024044468580158	0.31390696862034845
umap__metric-canberra__nn-30__mindist-0p5	metric=canberra, n_neighbors=30, min_dist=0.5	False	30	0.5	canberra	0.8981547574479414	0.2544185407493162	0.8945908775833675	0.30905789398086636
umap__metric-canberra__nn-30__mindist-1	metric=canberra, n_neighbors=30, min_dist=1	False	30	1.0	canberra	0.8771644994633988	0.22777352906268175	0.8827971231407039	0.293172208085827
umap__metric-canberra__nn-50__mindist-0	metric=canberra, n_neighbors=50, min_dist=0	False	50	0.0	canberra	0.9247789119890849	0.28159993625574375	0.9097257358817115	0.32115359913348396
umap__metric-canberra__nn-50__mindist-0p1	metric=canberra, n_neighbors=50, min_dist=0.1	False	50	0.1	canberra	0.9161687506759512	0.2645911231274526	0.9027278507000093	0.3140726970630028
umap__metric-canberra__nn-50__mindist-0p5	metric=canberra, n_neighbors=50, min_dist=0.5	False	50	0.5	canberra	0.8916785218093027	0.2300164802282467	0.891162355351285	0.29693422915873313
umap__metric-canberra__nn-50__mindist-1	metric=canberra, n_neighbors=50, min_dist=1	False	50	1.0	canberra	0.880091263799802	0.20424617530016023	0.8834922758358831	0.2881359964634147
umap__metric-cosine__nn-5__mindist-0	metric=cosine, n_neighbors=5, min_dist=0	False	5	0.0	cosine	0.9186758013660452	0.28620985013271566	0.8843671218603337	0.2986216620780775
umap__metric-cosine__nn-5__mindist-0p1	metric=cosine, n_neighbors=5, min_dist=0.1	False	5	0.1	cosine	0.9154079416976564	0.28940064761761075	0.8833951443065471	0.301905887209559
umap__metric-cosine__nn-5__mindist-0p5	metric=cosine, n_neighbors=5, min_dist=0.5	False	5	0.5	cosine	0.8995919335113685	0.2752591343810983	0.8774436305999638	0.3043096393171863
umap__metric-cosine__nn-5__mindist-1	metric=cosine, n_neighbors=5, min_dist=1	False	5	1.0	cosine	0.8684549213400887	0.2445920154072208	0.8558111144959978	0.2798064672387225
umap__metric-cosine__nn-15__mindist-0	metric=cosine, n_neighbors=15, min_dist=0	False	15	0.0	cosine	0.9216803520769378	0.2956531937593334	0.8967079034159393	0.32241174488040436
umap__metric-cosine__nn-15__mindist-0p1	metric=cosine, n_neighbors=15, min_dist=0.1	False	15	0.1	cosine	0.9214132993901881	0.2950731235079223	0.8996648962237911	0.3252846844692553
umap__metric-cosine__nn-15__mindist-0p5	metric=cosine, n_neighbors=15, min_dist=0.5	False	15	0.5	cosine	0.9034076255605195	0.274549422551817	0.8931497988935836	0.318621397731941
umap__metric-cosine__nn-15__mindist-1	metric=cosine, n_neighbors=15, min_dist=1	False	15	1.0	cosine	0.8858183376178235	0.23814293294986327	0.8807672949310587	0.30365941752105874
umap__metric-cosine__nn-30__mindist-0	metric=cosine, n_neighbors=30, min_dist=0	False	30	0.0	cosine	0.9222735251786591	0.29142690623875633	0.8988558347351179	0.325151549118462
umap__metric-cosine__nn-30__mindist-0p1	metric=cosine, n_neighbors=30, min_dist=0.1	False	30	0.1	cosine	0.9151916373407876	0.28039358854223506	0.8992408287968494	0.32842605304269956
umap__metric-cosine__nn-30__mindist-0p5	metric=cosine, n_neighbors=30, min_dist=0.5	False	30	0.5	cosine	0.9003153051971281	0.2521601973332355	0.8938853494748275	0.3166829346082564
umap__metric-cosine__nn-30__mindist-1	metric=cosine, n_neighbors=30, min_dist=1	False	30	1.0	cosine	0.8857833961447908	0.22431035186124004	0.8873698106376685	0.3044872453702194
umap__metric-cosine__nn-50__mindist-0	metric=cosine, n_neighbors=50, min_dist=0	False	50	0.0	cosine	0.9155597707173817	0.2713710634168392	0.9044525976061493	0.3235989474213704
umap__metric-cosine__nn-50__mindist-0p1	metric=cosine, n_neighbors=50, min_dist=0.1	False	50	0.1	cosine	0.91305521584679	0.26855272604969616	0.9007181110566586	0.32784694533662967
umap__metric-cosine__nn-50__mindist-0p5	metric=cosine, n_neighbors=50, min_dist=0.5	False	50	0.5	cosine	0.8922758546101945	0.2397975550285237	0.887899398226025	0.31014606014699875
umap__metric-cosine__nn-50__mindist-1	metric=cosine, n_neighbors=50, min_dist=1	False	50	1.0	cosine	0.8742489663147561	0.21412686540528686	0.8747257138063639	0.29399436730394607
umap__metric-euclidean__nn-5__mindist-0	metric=euclidean, n_neighbors=5, min_dist=0	False	5	0.0	euclidean	0.8623572183259707	0.23169721127982168	0.834405091458165	0.2595063371658372
umap__metric-euclidean__nn-5__mindist-0p1	metric=euclidean, n_neighbors=5, min_dist=0.1	False	5	0.1	euclidean	0.8536892371943661	0.22775842265532598	0.8301710397930215	0.25588017983550126
umap__metric-euclidean__nn-5__mindist-0p5	metric=euclidean, n_neighbors=5, min_dist=0.5	False	5	0.5	euclidean	0.8445229241021289	0.22391431620014318	0.8230354044424429	0.24950013207462884
umap__metric-euclidean__nn-5__mindist-1	metric=euclidean, n_neighbors=5, min_dist=1	False	5	1.0	euclidean	0.8316939958902172	0.20458031918365846	0.8246753820138898	0.2453556853036024
umap__metric-euclidean__nn-15__mindist-0	metric=euclidean, n_neighbors=15, min_dist=0	False	15	0.0	euclidean	0.8672386253026181	0.24337135306800067	0.8485798928904136	0.2715879157020674
umap__metric-euclidean__nn-15__mindist-0p1	metric=euclidean, n_neighbors=15, min_dist=0.1	True	15	0.1	euclidean	0.8588788778795517	0.2331618047671985	0.8415349872183737	0.26375305414948874
umap__metric-euclidean__nn-15__mindist-0p5	metric=euclidean, n_neighbors=15, min_dist=0.5	False	15	0.5	euclidean	0.8359984525919085	0.21389309541402338	0.8351459401228272	0.25821967996359596
umap__metric-euclidean__nn-15__mindist-1	metric=euclidean, n_neighbors=15, min_dist=1	False	15	1.0	euclidean	0.8279194848628547	0.1983105773091015	0.830448747665532	0.2548055712076901
umap__metric-euclidean__nn-30__mindist-0	metric=euclidean, n_neighbors=30, min_dist=0	False	30	0.0	euclidean	0.8576887879468557	0.23856486323444084	0.8475776721104473	0.27720234192230037
umap__metric-euclidean__nn-30__mindist-0p1	metric=euclidean, n_neighbors=30, min_dist=0.1	False	30	0.1	euclidean	0.8531634512192078	0.22789387510870146	0.8454628538126333	0.275540586037114
umap__metric-euclidean__nn-30__mindist-0p5	metric=euclidean, n_neighbors=30, min_dist=0.5	False	30	0.5	euclidean	0.8349198425969834	0.2003475337039838	0.83819719466483	0.2653272217455957
umap__metric-euclidean__nn-30__mindist-1	metric=euclidean, n_neighbors=30, min_dist=1	False	30	1.0	euclidean	0.8267739037112836	0.18731531057653852	0.8295809657523058	0.2537327016781023
umap__metric-euclidean__nn-50__mindist-0	metric=euclidean, n_neighbors=50, min_dist=0	False	50	0.0	euclidean	0.858282377018494	0.22490875568257535	0.8453774222175128	0.2711118185826748
umap__metric-euclidean__nn-50__mindist-0p1	metric=euclidean, n_neighbors=50, min_dist=0.1	False	50	0.1	euclidean	0.8538369065149208	0.21790916172764258	0.8445390005165632	0.2690464124181944
umap__metric-euclidean__nn-50__mindist-0p5	metric=euclidean, n_neighbors=50, min_dist=0.5	False	50	0.5	euclidean	0.8305796124824253	0.19173222256102088	0.8319311072552837	0.25566723445832173
umap__metric-euclidean__nn-50__mindist-1	metric=euclidean, n_neighbors=50, min_dist=1	False	50	1.0	euclidean	0.8235210189599088	0.17805804868391167	0.8287681514545446	0.24674100085401682
