component	explained_variance	explained_variance_ratio	explained_variance_percent	cumulative_explained_variance_ratio	cumulative_explained_variance_percent
PC1	1410.014938717419	0.17166128537482417	17.166128537482418	0.17166128537482417	17.166128537482418
PC2	551.8208033627704	0.06718103886756434	6.718103886756434	0.2388423242423885	23.88423242423885
PC3	348.83230656826976	0.042468345888762714	4.246834588876271	0.2813106701311512	28.131067013115118
PC4	303.03382240931364	0.036892641374528114	3.6892641374528115	0.3182033115056793	31.82033115056793
PC5	272.856872024564	0.033218769595233025	3.3218769595233026	0.35142208110091233	35.14220811009123
PC6	205.18365734281662	0.024979941268859305	2.4979941268859305	0.37640202236977166	37.64020223697717
PC7	195.41228025505657	0.023790331779833064	2.3790331779833065	0.40019235414960475	40.01923541496048
PC8	170.10527948680792	0.02070934862031361	2.070934862031361	0.42090170276991834	42.090170276991834
PC9	135.99633009595357	0.016556778364182217	1.6556778364182216	0.4374584811341006	43.745848113410055
PC10	126.21273452231037	0.015365681344113258	1.5365681344113258	0.45282416247821383	45.28241624782138
PC11	111.69823466961113	0.013598623681906187	1.3598623681906186	0.46642278616012	46.642278616012
PC12	107.33997925523838	0.013068030915914968	1.3068030915914968	0.47949081707603497	47.9490817076035
PC13	97.93697970099295	0.011923269292801303	1.1923269292801302	0.49141408636883627	49.141408636883625
PC14	93.77421323707621	0.011416476192750064	1.1416476192750065	0.5028305625615863	50.28305625615863
PC15	76.66609450475596	0.009333660208823978	0.9333660208823977	0.5121642227704103	51.216422277041026
PC16	75.23228512705538	0.009159102086069303	0.9159102086069303	0.5213233248564796	52.13233248564796
PC17	68.51926204766544	0.008341829772907036	0.8341829772907036	0.5296651546293866	52.96651546293866
PC18	63.38565455275058	0.007716842308597961	0.7716842308597961	0.5373819969379845	53.73819969379845
PC19	56.16453060610895	0.006837711609699847	0.6837711609699847	0.5442197085476843	54.42197085476843
PC20	53.91551033976556	0.006563906205832486	0.6563906205832486	0.5507836147535168	55.07836147535168
PC21	52.06364559941655	0.0063384522245024805	0.633845222450248	0.5571220669780192	55.712206697801925
PC22	50.4011949312454	0.006136058327293078	0.6136058327293078	0.5632581253053123	56.32581253053123
PC23	46.26299705856255	0.005632256313247562	0.5632256313247562	0.5688903816185599	56.889038161855986
PC24	45.56058158196287	0.005546741230910952	0.5546741230910952	0.5744371228494708	57.44371228494708
PC25	43.04245457905805	0.005240173615074986	0.5240173615074986	0.5796772964645458	57.96772964645458
PC26	40.89130773979643	0.00497828374333112	0.497828374333112	0.5846555802078769	58.46555802078769
PC27	38.8469874152835	0.004729399391124907	0.4729399391124907	0.5893849795990018	58.93849795990018
PC28	37.64692190458412	0.004583298252446165	0.4583298252446165	0.593968277851448	59.3968277851448
PC29	36.84050086618598	0.004485121085521505	0.44851210855215046	0.5984533989369695	59.845339893696945
PC30	36.25471190160007	0.0044138046165551025	0.44138046165551026	0.6028672035535245	60.28672035535245
PC31	34.0833578269327	0.004149454629029216	0.4149454629029216	0.6070166581825538	60.70166581825538
PC32	33.53484681257201	0.004082676538115476	0.4082676538115476	0.6110993347206692	61.10993347206693
PC33	31.983997769384892	0.003893869502909184	0.38938695029091835	0.6149932042235784	61.49932042235784
PC34	31.76169189837567	0.003866805029678478	0.3866805029678478	0.6188600092532569	61.88600092532569
PC35	30.503511388388212	0.0037136287209406007	0.37136287209406005	0.6225736379741975	62.25736379741975
PC36	29.578778376646998	0.0036010477453316306	0.3601047745331631	0.6261746857195292	62.61746857195292
PC37	29.348262206202552	0.0035729837149220166	0.35729837149220167	0.6297476694344512	62.97476694344512
PC38	28.848105484489142	0.0035120924836445095	0.35120924836445094	0.6332597619180956	63.325976191809566
PC39	28.3682184933288	0.003453668976577149	0.3453668976577149	0.6367134308946728	63.67134308946728
PC40	27.81182214140262	0.003385930890740703	0.3385930890740703	0.6400993617854135	64.00993617854135
PC41	27.04936645185829	0.003293106254550974	0.3293106254550974	0.6433924680399644	64.33924680399645
PC42	26.799176533695658	0.0032626470574458103	0.32626470574458105	0.6466551150974102	64.66551150974102
PC43	26.363705150429944	0.0032096308975862967	0.3209630897586297	0.6498647459949966	64.98647459949966
PC44	25.456489926180534	0.0030991826127986745	0.30991826127986744	0.6529639286077952	65.29639286077952
PC45	25.1320208488755	0.003059680351265736	0.3059680351265736	0.6560236089590609	65.60236089590609
PC46	24.668075210960936	0.0030031976131318404	0.30031976131318405	0.6590268065721927	65.90268065721926
PC47	24.32943246304897	0.002961969787955528	0.2961969787955528	0.6619887763601482	66.19887763601481
PC48	23.746880397834524	0.0028910473930457026	0.28910473930457026	0.6648798237531939	66.48798237531939
PC49	23.473036484194008	0.002857708456757295	0.28577084567572947	0.6677375322099511	66.77375322099512
PC50	23.036317878343908	0.0028045404546540535	0.28045404546540537	0.6705420726646052	67.05420726646052
PC51	22.72322583257607	0.0027664232818913107	0.2766423281891311	0.6733084959464966	67.33084959464965
PC52	22.222407299274487	0.0027054514788235466	0.2705451478823547	0.6760139474253201	67.60139474253201
PC53	22.16188345992117	0.002698083046210584	0.26980830462105837	0.6787120304715306	67.87120304715306
PC54	21.801221723886812	0.0026541745346812737	0.2654174534681274	0.6813662050062119	68.13662050062119
PC55	21.415014378016732	0.0026071559906979294	0.2607155990697929	0.6839733609969099	68.39733609969099
PC56	20.667789265184297	0.002516185590448241	0.2516185590448241	0.6864895465873581	68.6489546587358
PC57	20.587205973611105	0.0025063750338141593	0.25063750338141594	0.6889959216211722	68.89959216211722
PC58	20.11034225835602	0.0024483195933634625	0.24483195933634624	0.6914442412145356	69.14442412145357
PC59	19.81866854896408	0.0024128099810257326	0.24128099810257325	0.6938570511955614	69.38570511955614
PC60	19.506215491903134	0.002374770601497482	0.2374770601497482	0.6962318217970589	69.62318217970589
PC61	19.39049987094277	0.0023606828839233185	0.23606828839233185	0.6985925046809822	69.85925046809822
PC62	18.94614951505047	0.002306585759733545	0.2306585759733545	0.7008990904407157	70.08990904407158
PC63	18.80050643706706	0.0022888545447754113	0.22888545447754113	0.7031879449854912	70.31879449854912
PC64	18.62513320060156	0.002267503852406581	0.22675038524065808	0.7054554488378978	70.54554488378977
PC65	18.36491208124869	0.002235823413708235	0.22358234137082347	0.707691272251606	70.7691272251606
PC66	18.15158200451138	0.0022098516922914764	0.22098516922914763	0.7099011239438975	70.99011239438975
PC67	18.02790930968373	0.002194795246308575	0.2194795246308575	0.7120959191902061	71.20959191902061
PC68	17.851521343098405	0.002173321016328976	0.21733210163289762	0.714269240206535	71.4269240206535
PC69	17.60604549498404	0.0021434357303942633	0.21434357303942633	0.7164126759369293	71.64126759369293
PC70	17.352135438699968	0.0021125236276679153	0.21125236276679152	0.7185251995645972	71.85251995645972
PC71	17.2051171399123	0.0020946249874120412	0.20946249874120412	0.7206198245520092	72.06198245520092
PC72	16.918439983416697	0.002059723676922098	0.2059723676922098	0.7226795482289313	72.26795482289313
PC73	16.65716721738884	0.0020279152062327205	0.20279152062327205	0.724707463435164	72.4707463435164
PC74	16.572490273848643	0.002017606270794814	0.2017606270794814	0.7267250697059588	72.67250697059589
PC75	16.446147419966067	0.0020022247481599298	0.20022247481599298	0.7287272944541188	72.87272944541188
PC76	16.229591709600786	0.0019758603242266796	0.19758603242266798	0.7307031547783455	73.07031547783454
PC77	16.069446558680216	0.001956363564512505	0.1956363564512505	0.7326595183428579	73.26595183428579
PC78	15.941474458480908	0.0019407836904210207	0.19407836904210207	0.734600302033279	73.4600302033279
PC79	15.681940699378336	0.0019091869339169848	0.19091869339169848	0.7365094889671959	73.6509488967196
PC80	15.520887426300677	0.0018895796155041164	0.18895796155041164	0.7383990685827	73.83990685827
PC81	15.461597845736499	0.00188236144686667	0.188236144686667	0.7402814300295667	74.02814300295667
PC82	15.401142032030585	0.0018750012959887097	0.18750012959887097	0.7421564313255554	74.21564313255554
PC83	15.142515268656599	0.0018435149610471148	0.1843514961047115	0.7439999462866025	74.39999462866025
PC84	15.064884040675112	0.0018340638013362469	0.18340638013362467	0.7458340100879387	74.58340100879387
PC85	14.888322255778023	0.0018125684099675023	0.18125684099675024	0.7476465784979062	74.76465784979062
PC86	14.71775468532532	0.0017918027800559457	0.17918027800559458	0.7494383812779621	74.94383812779621
PC87	14.494575707238289	0.0017646320110129537	0.17646320110129537	0.7512030132889751	75.12030132889751
PC88	14.365065825841867	0.0017488649208220702	0.17488649208220702	0.7529518782097971	75.29518782097972
PC89	14.329355100713792	0.0017445173434958835	0.17445173434958836	0.754696395553293	75.46963955532931
PC90	14.059398064689974	0.001711651612412226	0.1711651612412226	0.7564080471657053	75.64080471657053
PC91	13.863870437591215	0.0016878472378113489	0.16878472378113488	0.7580958944035167	75.80958944035167
PC92	13.797405617618429	0.0016797555246560875	0.16797555246560875	0.7597756499281727	75.97756499281726
PC93	13.639737480813913	0.0016605603272980113	0.16605603272980113	0.7614362102554707	76.14362102554708
PC94	13.579490448976728	0.0016532255944230556	0.16532255944230556	0.7630894358498937	76.30894358498938
PC95	13.459743497619382	0.0016386470853411471	0.16386470853411472	0.7647280829352349	76.47280829352349
PC96	13.313361938385937	0.0016208259644982423	0.16208259644982423	0.7663489088997331	76.6348908899733
PC97	13.291394198948653	0.0016181515173806723	0.16181515173806724	0.7679670604171137	76.79670604171137
PC98	13.154860131340431	0.0016015292725380752	0.16015292725380753	0.7695685896896518	76.95685896896518
PC99	13.101833375555973	0.0015950735671357644	0.15950735671357644	0.7711636632567875	77.11636632567875
PC100	12.925679870497843	0.0015736278815112808	0.15736278815112809	0.7727372911382988	77.27372911382989
PC101	12.7952900461651	0.001557753663281284	0.15577536632812838	0.7742950448015801	77.429504480158
PC102	12.754863721940932	0.0015528319886317851	0.1552831988631785	0.7758478767902118	77.58478767902119
PC103	12.509403413047083	0.0015229485945086369	0.15229485945086368	0.7773708253847205	77.73708253847205
PC104	12.454035118206967	0.0015162078200669758	0.15162078200669757	0.7788870332047875	77.88870332047875
PC105	12.356695093275839	0.0015043572266163175	0.15043572266163174	0.7803913904314038	78.03913904314038
PC106	12.146751860621908	0.0014787978341705172	0.1478797834170517	0.7818701882655743	78.18701882655743
PC107	12.123655545309928	0.0014759859893701472	0.1475985989370147	0.7833461742549445	78.33461742549444
PC108	12.048658712255046	0.0014668555522324013	0.14668555522324012	0.7848130298071768	78.48130298071769
PC109	11.956753120198433	0.001455666570022097	0.1455666570022097	0.7862686963771989	78.62686963771989
PC110	11.782066861655348	0.0014343995133013353	0.14343995133013354	0.7877030958905002	78.77030958905003
PC111	11.691040968728588	0.001423317629448096	0.1423317629448096	0.7891264135199484	78.91264135199484
PC112	11.616777414026357	0.0014142764647720077	0.14142764647720077	0.7905406899847204	79.05406899847203
PC113	11.567142096536706	0.0014082336476597215	0.14082336476597215	0.7919489236323801	79.19489236323801
PC114	11.52482826312917	0.0014030821795210356	0.14030821795210355	0.7933520058119011	79.33520058119011
PC115	11.405270201389255	0.0013885266666738704	0.13885266666738705	0.794740532478575	79.4740532478575
PC116	11.354263603546366	0.001382316903991305	0.1382316903991305	0.7961228493825663	79.61228493825662
PC117	11.190519268913151	0.0013623819641660922	0.13623819641660923	0.7974852313467323	79.74852313467323
PC118	11.158028671249413	0.001358426419012346	0.1358426419012346	0.7988436577657446	79.88436577657446
PC119	11.096051011018954	0.001350880991990585	0.1350880991990585	0.8001945387577352	80.01945387577352
PC120	10.953148532787125	0.0013334834294379235	0.13334834294379236	0.8015280221871731	80.15280221871731
PC121	10.85245982505648	0.0013212251529351974	0.13212251529351973	0.8028492473401083	80.28492473401083
PC122	10.819893543897622	0.0013172603937471191	0.13172603937471192	0.8041665077338555	80.41665077338554
PC123	10.77160225500052	0.0013113812044585119	0.1311381204458512	0.805477888938314	80.5477888938314
PC124	10.655296229565401	0.0012972216085033158	0.12972216085033159	0.8067751105468173	80.67751105468173
PC125	10.579005657837296	0.001287933666053047	0.1287933666053047	0.8080630442128703	80.80630442128704
PC126	10.546106142595285	0.0012839283375139113	0.12839283375139113	0.8093469725503842	80.93469725503843
PC127	10.508795323178374	0.0012793859578244303	0.12793859578244304	0.8106263585082086	81.06263585082087
PC128	10.393193725562554	0.001265312121942829	0.1265312121942829	0.8118916706301514	81.18916706301515
PC129	10.262094521805707	0.0012493515408095633	0.12493515408095633	0.813141022170961	81.31410221709609
PC130	10.17544956848622	0.00123880301139356	0.12388030113935601	0.8143798251823545	81.43798251823546
PC131	10.08692027518923	0.0012280250743211276	0.12280250743211275	0.8156078502566757	81.56078502566757
PC132	10.067972289167352	0.0012257182649771509	0.12257182649771509	0.8168335685216529	81.68335685216529
PC133	10.02596691429975	0.0012206043499082915	0.12206043499082915	0.8180541728715612	81.80541728715612
PC134	9.998576684219131	0.0012172697454489742	0.12172697454489742	0.8192714426170102	81.92714426170102
PC135	9.979151198006125	0.0012149048031772356	0.12149048031772355	0.8204863474201874	82.04863474201875
PC136	9.870574412657414	0.0012016861981660148	0.12016861981660149	0.8216880336183534	82.16880336183534
PC137	9.804717723628356	0.0011936685214883895	0.11936685214883895	0.8228817021398418	82.28817021398417
PC138	9.77567112416124	0.001190132263493259	0.11901322634932592	0.8240718344033351	82.40718344033351
PC139	9.651160965463845	0.0011749738610555799	0.11749738610555799	0.8252468082643907	82.52468082643907
PC140	9.62513932633268	0.0011718058747469534	0.11718058747469534	0.8264186141391376	82.64186141391376
PC141	9.580787025442351	0.001166406234806195	0.11664062348061949	0.8275850203739439	82.7585020373944
PC142	9.525436412733285	0.0011596676130632472	0.11596676130632472	0.8287446879870072	82.87446879870072
PC143	9.4817238335497	0.0011543458555955362	0.11543458555955362	0.8298990338426027	82.98990338426026
PC144	9.403720551436642	0.0011448494004138896	0.11448494004138897	0.8310438832430166	83.10438832430165
PC145	9.335295709718137	0.0011365190657781077	0.11365190657781077	0.8321804023087946	83.21804023087947
PC146	9.287257363875462	0.0011306706708652601	0.11306706708652602	0.8333110729796599	83.33110729796599
PC147	9.207492921590864	0.001120959804466756	0.1120959804466756	0.8344320327841267	83.44320327841267
PC148	9.168841824560866	0.0011162542536139743	0.11162542536139744	0.8355482870377406	83.55482870377406
PC149	9.106314598552398	0.001108641920089835	0.11086419200898351	0.8366569289578305	83.66569289578305
PC150	9.013463890495844	0.0010973378753912385	0.10973378753912386	0.8377542668332217	83.77542668332218
PC151	8.976010961046835	0.0010927781946150068	0.10927781946150068	0.8388470450278367	83.88470450278366
PC152	8.909330424344938	0.001084660219177	0.1084660219177	0.8399317052470137	83.99317052470137
PC153	8.889126687856132	0.0010822005293681831	0.10822005293681831	0.8410139057763818	84.10139057763818
PC154	8.829975766967445	0.0010749992417562286	0.10749992417562286	0.842088905018138	84.2088905018138
PC155	8.78324522423658	0.0010693100644211713	0.10693100644211713	0.8431582150825592	84.31582150825592
PC156	8.727097921763503	0.0010624744502385126	0.10624744502385126	0.8442206895327977	84.42206895327978
PC157	8.66281142412493	0.001054647935416676	0.10546479354166759	0.8452753374682144	84.52753374682143
PC158	8.64118435199533	0.0010520149626028997	0.10520149626028998	0.8463273524308172	84.63273524308173
PC159	8.59771189043065	0.0010467224380872454	0.10467224380872454	0.8473740748689045	84.73740748689045
PC160	8.586045828856903	0.001045302161556819	0.10453021615568191	0.8484193770304613	84.84193770304613
PC161	8.533830765445874	0.0010389452750764398	0.10389452750764398	0.8494583223055377	84.94583223055378
PC162	8.497623525705784	0.001034537249925081	0.1034537249925081	0.8504928595554628	85.04928595554628
PC163	8.448933409495083	0.0010286095056833205	0.10286095056833205	0.8515214690611461	85.15214690611461
PC164	8.400199535250744	0.0010226764341502712	0.10226764341502712	0.8525441454952963	85.25441454952963
PC165	8.39104630495732	0.0010215620805116281	0.10215620805116281	0.853565707575808	85.3565707575808
PC166	8.300088533768726	0.001010488490091894	0.10104884900918941	0.8545761960658999	85.45761960658999
PC167	8.257532673174007	0.0010053075565220934	0.10053075565220934	0.8555815036224219	85.55815036224219
PC168	8.224775746226852	0.0010013195872954747	0.10013195872954747	0.8565828232097173	85.65828232097174
PC169	8.14621867359059	0.000991755711272792	0.09917557112727919	0.8575745789209901	85.75745789209901
PC170	8.101987941802493	0.0009863708716776028	0.09863708716776028	0.8585609497926677	85.85609497926677
PC171	8.094500782720639	0.0009854593527167	0.09854593527167	0.8595464091453844	85.95464091453844
PC172	8.062490880718288	0.000981562329521014	0.09815623295210141	0.8605279714749055	86.05279714749055
PC173	8.029278122623294	0.0009775188654491966	0.09775188654491966	0.8615054903403546	86.15054903403546
PC174	8.000655753323421	0.0009740342550599206	0.09740342550599206	0.8624795245954145	86.24795245954145
PC175	7.9698794139125155	0.0009702874110816478	0.09702874110816478	0.8634498120064962	86.34498120064961
PC176	7.909210278551005	0.0009629012895074967	0.09629012895074968	0.8644127132960037	86.44127132960037
PC177	7.880858798642714	0.0009594496583582815	0.09594496583582815	0.8653721629543619	86.5372162954362
PC178	7.829626149523985	0.0009532123752207865	0.09532123752207865	0.8663253753295828	86.63253753295828
PC179	7.7740560922342326	0.0009464470373504028	0.09464470373504029	0.8672718223669331	86.72718223669331
PC180	7.766251658367565	0.0009454968919920894	0.09454968919920895	0.8682173192589252	86.82173192589252
PC181	7.721641379673652	0.0009400658447235462	0.09400658447235462	0.8691573851036487	86.91573851036487
PC182	7.637237602102582	0.0009297901656860462	0.09297901656860462	0.8700871752693348	87.00871752693348
PC183	7.587154040948778	0.000923692777461471	0.0923692777461471	0.8710108680467963	87.10108680467962
PC184	7.580992035686712	0.0009229425884282011	0.09229425884282011	0.8719338106352245	87.19338106352245
PC185	7.572333027156427	0.0009218884034734427	0.09218884034734427	0.8728556990386979	87.28556990386978
PC186	7.550937624774308	0.0009192836351315081	0.09192836351315081	0.8737749826738294	87.37749826738293
PC187	7.485168621874196	0.0009112766337404991	0.09112766337404991	0.8746862593075698	87.46862593075699
PC188	7.449539020594212	0.0009069389327806229	0.09069389327806228	0.8755931982403504	87.55931982403504
PC189	7.401828733034545	0.0009011304770946535	0.09011304770946535	0.876494328717445	87.64943287174451
PC190	7.361929259005616	0.0008962729434547506	0.08962729434547506	0.8773906016608998	87.73906016608997
PC191	7.348203790145426	0.0008946019458204592	0.08946019458204592	0.8782852036067202	87.82852036067203
PC192	7.311746281165885	0.0008901634518150801	0.089016345181508	0.8791753670585353	87.91753670585352
PC193	7.267169160344831	0.000884736441328644	0.0884736441328644	0.880060103499864	88.0060103499864
PC194	7.250365465098859	0.0008826906871697597	0.08826906871697597	0.8809427941870337	88.09427941870337
PC195	7.199829517587548	0.0008765382234835824	0.08765382234835824	0.8818193324105172	88.18193324105172
PC196	7.1454174913522035	0.0008699138692963111	0.08699138692963111	0.8826892462798136	88.26892462798136
PC197	7.1443493076390165	0.0008697838240150966	0.08697838240150965	0.8835590301038287	88.35590301038287
PC198	7.086472277557671	0.000862737625351075	0.0862737625351075	0.8844217677291798	88.44217677291797
PC199	7.050648467245758	0.0008583762805480471	0.08583762805480472	0.8852801440097279	88.5280144009728
PC200	7.010896191175035	0.0008535366674209108	0.08535366674209108	0.8861336806771488	88.61336806771489
PC201	6.977115835595025	0.0008494241015891205	0.08494241015891205	0.886983104778738	88.6983104778738
PC202	6.950478879662489	0.0008461812039656308	0.08461812039656308	0.8878292859827036	88.78292859827036
PC203	6.922149185414128	0.0008427322250963905	0.08427322250963905	0.8886720182078	88.86720182078
PC204	6.868190113814747	0.0008361630155553857	0.08361630155553856	0.8895081812233553	88.95081812233553
PC205	6.8458256900678744	0.000833440274383191	0.0833440274383191	0.8903416214977384	89.03416214977385
PC206	6.811647796118548	0.0008292793105198702	0.08292793105198702	0.8911709008082583	89.11709008082583
PC207	6.800771909382483	0.0008279552332739921	0.08279552332739921	0.8919988560415323	89.19988560415322
PC208	6.7673961953571995	0.0008238919302460864	0.08238919302460865	0.8928227479717784	89.28227479717783
PC209	6.740728061263937	0.0008206452368591627	0.08206452368591627	0.8936433932086376	89.36433932086376
PC210	6.711078208027397	0.0008170355361545806	0.08170355361545806	0.8944604287447921	89.44604287447922
PC211	6.695417177821527	0.000815128894954113	0.0815128894954113	0.8952755576397463	89.52755576397463
PC212	6.678265261101806	0.0008130407468147552	0.08130407468147552	0.8960885983865611	89.6088598386561
PC213	6.636078754868894	0.0008079047800341466	0.08079047800341466	0.8968965031665952	89.68965031665952
PC214	6.61153636621928	0.0008049168840437726	0.08049168840437726	0.897701420050639	89.7701420050639
PC215	6.578027892310746	0.0008008374182564668	0.08008374182564668	0.8985022574688954	89.85022574688955
PC216	6.564595051128526	0.0007992020463747524	0.07992020463747523	0.8993014595152702	89.93014595152702
PC217	6.496159870365954	0.0007908704530192612	0.07908704530192612	0.9000923299682895	90.00923299682894
PC218	6.480523011235212	0.000788966754509478	0.0788966754509478	0.9008812967227989	90.08812967227989
PC219	6.455656312541976	0.0007859393756190159	0.07859393756190158	0.9016672360984179	90.1667236098418
PC220	6.408489816764686	0.0007801971234843537	0.07801971234843537	0.9024474332219022	90.24474332219022
PC221	6.394034690805363	0.0007784372942553885	0.07784372942553885	0.9032258705161577	90.32258705161577
PC222	6.345862555908452	0.000772572611287437	0.0772572611287437	0.9039984431274452	90.39984431274452
PC223	6.319723089694488	0.0007693902802027874	0.07693902802027874	0.904767833407648	90.4767833407648
PC224	6.282781407255815	0.000764892840837287	0.07648928408372871	0.9055327262484852	90.55327262484852
PC225	6.253470743297563	0.0007613244344948409	0.07613244344948408	0.9062940506829801	90.62940506829801
PC226	6.239565389180954	0.0007596315368554581	0.0759631536855458	0.9070536822198355	90.70536822198355
PC227	6.201462133614242	0.0007549926825795616	0.07549926825795615	0.9078086749024151	90.78086749024152
PC228	6.19216162622472	0.0007538603987935645	0.07538603987935645	0.9085625353012087	90.85625353012087
PC229	6.149972045530023	0.00074872405771475	0.074872405771475	0.9093112593589234	90.93112593589234
PC230	6.143339001341762	0.0007479165223759112	0.07479165223759113	0.9100591758812994	91.00591758812993
PC231	6.087917600565448	0.0007411692825890837	0.07411692825890837	0.9108003451638884	91.08003451638884
PC232	6.0434803949085545	0.000735759305976732	0.0735759305976732	0.9115361044698651	91.1536104469865
PC233	6.02727440187519	0.0007337863186568861	0.0733786318656886	0.9122698907885219	91.2269890788522
PC234	6.001796777766709	0.0007306845630778022	0.07306845630778022	0.9130005753515997	91.30005753515998
PC235	5.986693175035616	0.0007288457854965032	0.07288457854965032	0.9137294211370962	91.37294211370963
PC236	5.963517373959541	0.0007260242637572165	0.07260242637572165	0.9144554454008534	91.44554454008535
PC237	5.950631493993982	0.0007244554812873757	0.07244554812873756	0.9151799008821409	91.51799008821409
PC238	5.91536239477743	0.000720161669399799	0.0720161669399799	0.9159000625515407	91.59000625515407
PC239	5.879258233448428	0.0007157661934577114	0.07157661934577114	0.9166158287449984	91.66158287449984
PC240	5.871808746925111	0.0007148592609161751	0.07148592609161751	0.9173306880059146	91.73306880059145
PC241	5.830757113674023	0.0007098614584552823	0.07098614584552823	0.9180405494643699	91.80405494643699
PC242	5.782624921504624	0.0007040016382868359	0.0704001638286836	0.9187445511026567	91.87445511026567
PC243	5.779301970114207	0.0007035970878872239	0.07035970878872239	0.919448148190544	91.9448148190544
PC244	5.74022855919025	0.0006988401227239424	0.06988401227239424	0.9201469883132679	92.0146988313268
PC245	5.708729512758202	0.000695005293283394	0.0695005293283394	0.9208419936065513	92.08419936065513
PC246	5.685072973452754	0.0006921252444036373	0.06921252444036373	0.9215341188509549	92.1534118850955
PC247	5.666410501340289	0.000689853194751446	0.06898531947514461	0.9222239720457064	92.22239720457064
PC248	5.65937648307665	0.0006889968431034382	0.06889968431034382	0.9229129688888098	92.29129688888098
PC249	5.632094980322121	0.0006856754755766096	0.06856754755766097	0.9235986443643864	92.35986443643864
PC250	5.595305663251607	0.0006811965858265969	0.06811965858265968	0.924279840950213	92.4279840950213
PC251	5.567883810025238	0.000677858131429454	0.06778581314294539	0.9249576990816424	92.49576990816423
PC252	5.553482357919045	0.0006761048366863062	0.06761048366863062	0.9256338039183287	92.56338039183288
PC253	5.519596951957221	0.0006719794815690438	0.06719794815690439	0.9263057833998978	92.63057833998978
PC254	5.50116610336389	0.0006697356307606559	0.0669735630760656	0.9269755190306584	92.69755190306584
PC255	5.465868665036724	0.0006654383687478212	0.06654383687478212	0.9276409573994062	92.76409573994061
PC256	5.456848140029039	0.0006643401712216421	0.06643401712216421	0.9283052975706279	92.83052975706279
PC257	5.4176263299451355	0.0006595651393061261	0.06595651393061261	0.928964862709934	92.89648627099339
PC258	5.396417395852756	0.0006569830724160834	0.06569830724160834	0.9296218457823501	92.96218457823501
PC259	5.38184472695935	0.0006552089330045823	0.06552089330045824	0.9302770547153547	93.02770547153547
PC260	5.367082312541302	0.0006534116931565116	0.06534116931565116	0.9309304664085112	93.09304664085111
PC261	5.362498537113563	0.0006528536446137699	0.06528536446137699	0.9315833200531249	93.15833200531249
PC262	5.330013535537867	0.0006488987807518596	0.06488987807518597	0.9322322188338767	93.22322188338768
PC263	5.3113216325164245	0.0006466231480541798	0.06466231480541798	0.9328788419819309	93.2878841981931
PC264	5.25602211468241	0.0006398907468211618	0.06398907468211618	0.9335187327287521	93.35187327287521
PC265	5.2328902147841525	0.000637074569800152	0.0637074569800152	0.9341558072985522	93.41558072985522
PC266	5.202980501858642	0.0006334332326589615	0.06334332326589615	0.9347892405312112	93.47892405312112
PC267	5.196892270062041	0.0006326920251247953	0.06326920251247953	0.935421932556336	93.5421932556336
PC268	5.181140922703543	0.0006307743883255676	0.06307743883255676	0.9360527069446616	93.60527069446616
PC269	5.152880188891364	0.0006273338049965376	0.06273338049965377	0.9366800407496582	93.66800407496582
PC270	5.13087499973369	0.0006246547985888761	0.06246547985888761	0.937304695548247	93.73046955482471
PC271	5.08556329724712	0.0006191383569698664	0.06191383569698664	0.9379238339052169	93.79238339052169
PC272	5.056723622851297	0.0006156272909232317	0.06156272909232317	0.9385394611961402	93.85394611961402
PC273	5.034548932671385	0.0006129276487318271	0.06129276487318271	0.939152388844872	93.9152388844872
PC274	5.01579308728232	0.0006106442314151944	0.06106442314151944	0.9397630330762872	93.97630330762871
PC275	4.997427531958138	0.0006084083296903238	0.06084083296903238	0.9403714414059775	94.03714414059775
PC276	4.976808694225599	0.0006058981036700788	0.06058981036700788	0.9409773395096476	94.09773395096475
PC277	4.9706600330728	0.0006051495392060854	0.060514953920608544	0.9415824890488537	94.15824890488537
PC278	4.948496264993688	0.0006024512267182257	0.060245122671822575	0.9421849402755719	94.21849402755718
PC279	4.938116059737314	0.0006011874958684062	0.060118749586840624	0.9427861277714403	94.27861277714403
PC280	4.915917902283763	0.0005984849966701385	0.059848499667013846	0.9433846127681105	94.33846127681105
PC281	4.879639168190892	0.0005940682674886601	0.059406826748866014	0.9439786810355991	94.39786810355992
PC282	4.856622341693516	0.0005912660999985887	0.05912660999985887	0.9445699471355977	94.45699471355977
PC283	4.842350332927882	0.0005895285642446641	0.05895285642446641	0.9451594756998424	94.51594756998423
PC284	4.816122477139288	0.0005863354722328936	0.05863354722328936	0.9457458111720752	94.57458111720753
PC285	4.795427664209083	0.0005838159966651937	0.058381599666519374	0.9463296271687405	94.63296271687405
PC286	4.779968750375262	0.0005819339619814858	0.058193396198148575	0.946911561130722	94.6911561130722
PC287	4.7657390899907535	0.0005802015819016876	0.05802015819016876	0.9474917627126236	94.74917627126236
PC288	4.734906970018358	0.0005764479469578574	0.05764479469578574	0.9480682106595815	94.80682106595815
PC289	4.719640213960975	0.0005745893063886319	0.0574589306388632	0.9486427999659701	94.864279996597
PC290	4.681452047115125	0.0005699401146482736	0.05699401146482736	0.9492127400806184	94.92127400806184
PC291	4.67653925880472	0.0005693420106615842	0.056934201066158416	0.94978208209128	94.978208209128
PC292	4.632207860030929	0.0005639449154344265	0.05639449154344266	0.9503460270067144	95.03460270067144
PC293	4.631124456901222	0.0005638130172759618	0.056381301727596186	0.9509098400239904	95.09098400239904
PC294	4.608207416062956	0.0005610229981213685	0.05610229981213685	0.9514708630221117	95.14708630221116
PC295	4.603295796873375	0.0005604250364684785	0.056042503646847854	0.9520312880585802	95.20312880585801
PC296	4.538110752801402	0.0005524891287377506	0.055248912873775056	0.9525837771873179	95.2583777187318
PC297	4.528989539646603	0.0005513786730033208	0.05513786730033208	0.9531351558603213	95.31351558603212
PC298	4.503707369915207	0.0005483007128810659	0.05483007128810659	0.9536834565732023	95.36834565732023
PC299	4.48002098299391	0.0005454170302241333	0.054541703022413325	0.9542288736034265	95.42288736034264
PC300	4.4522410398439725	0.0005420349804189762	0.05420349804189762	0.9547709085838454	95.47709085838454
PC301	4.438505226053654	0.0005403627233483808	0.054036272334838084	0.9553112713071937	95.53112713071937
PC302	4.422436934772632	0.0005384065004323411	0.053840650043234115	0.9558496778076261	95.58496778076261
PC303	4.403536480443159	0.000536105477801108	0.0536105477801108	0.9563857832854272	95.63857832854272
PC304	4.395392220486027	0.0005351139605524045	0.05351139605524045	0.9569208972459796	95.69208972459796
PC305	4.3741391535728145	0.0005325265207428675	0.053252652074286755	0.9574534237667225	95.74534237667226
PC306	4.364195086252622	0.0005313158872019275	0.053131588720192746	0.9579847396539244	95.79847396539243
PC307	4.342154354381165	0.0005286325536713637	0.05286325536713637	0.9585133722075958	95.85133722075958
PC308	4.312310986897205	0.0005249992937096858	0.052499929370968576	0.9590383715013054	95.90383715013054
PC309	4.2698325735424865	0.0005198277889001076	0.05198277889001076	0.9595581992902056	95.95581992902056
PC310	4.24856387929447	0.0005172384465515935	0.05172384465515935	0.9600754377367572	96.00754377367572
PC311	4.233422760229739	0.0005153951015704195	0.051539510157041946	0.9605908328383276	96.05908328383276
PC312	4.219009832991845	0.0005136404097953656	0.05136404097953656	0.961104473248123	96.1104473248123
PC313	4.199710832283706	0.0005112908664132066	0.051129086641320654	0.9616157641145362	96.16157641145362
PC314	4.177502436240333	0.0005085871207249614	0.05085871207249614	0.9621243512352612	96.21243512352612
PC315	4.1646555505098775	0.0005070230855810788	0.05070230855810788	0.9626313743208422	96.26313743208422
PC316	4.1631024210225025	0.0005068340009147852	0.05068340009147852	0.963138208321757	96.31382083217571
PC317	4.134390372017874	0.0005033384725323961	0.05033384725323961	0.9636415467942894	96.36415467942894
PC318	4.1088182458607685	0.0005002252118673077	0.05002252118673078	0.9641417720061567	96.41417720061567
PC319	4.095686524200331	0.000498626499571773	0.0498626499571773	0.9646403985057285	96.46403985057285
PC320	4.087540506894012	0.0004976347683758183	0.04976347683758183	0.9651380332741043	96.51380332741043
PC321	4.075251906301441	0.0004961387012667014	0.049613870126670144	0.965634171975371	96.5634171975371
PC322	4.042750391649109	0.0004921818270317923	0.04921818270317923	0.9661263538024029	96.61263538024029
PC323	4.027759255520553	0.0004903567416185854	0.04903567416185854	0.9666167105440214	96.66167105440215
PC324	4.003305148285527	0.0004873795933874633	0.048737959338746334	0.967104090137409	96.7104090137409
PC325	3.985861458790357	0.00048525592357503993	0.04852559235750399	0.967589346060984	96.7589346060984
PC326	3.955192777867832	0.0004815221864043545	0.04815221864043545	0.9680708682473884	96.80708682473885
PC327	3.944822185879572	0.0004802596259151572	0.04802596259151572	0.9685511278733036	96.85511278733036
PC328	3.913925271670912	0.00047649810264222025	0.04764981026422203	0.9690276259759458	96.90276259759459
PC329	3.8978093866862116	0.00047453608546391796	0.047453608546391794	0.9695021620614097	96.95021620614096
PC330	3.8832106837300198	0.0004727587765535991	0.047275877655359906	0.9699749208379633	96.99749208379633
PC331	3.846738386356234	0.00046831848214547606	0.046831848214547604	0.9704432393201088	97.04432393201088
PC332	3.839826064646566	0.00046747694635956074	0.04674769463595607	0.9709107162664683	97.09107162664682
PC333	3.823548304464418	0.0004654952217982363	0.04654952217982363	0.9713762114882666	97.13762114882665
PC334	3.802144529418186	0.0004628894341321483	0.04628894341321483	0.9718391009223988	97.18391009223988
PC335	3.782849528038612	0.00046054037764545636	0.046054037764545634	0.9722996413000442	97.22996413000442
PC336	3.765154570387031	0.0004583861173665642	0.04583861173665642	0.9727580274174108	97.27580274174107
PC337	3.733303968629203	0.00045450848806805207	0.04545084880680521	0.9732125359054788	97.32125359054788
PC338	3.699873177815708	0.000450438479754976	0.0450438479754976	0.9736629743852339	97.36629743852339
PC339	3.694274280789974	0.0004497568459412286	0.04497568459412286	0.974112731231175	97.4112731231175
PC340	3.6748393297783974	0.00044739075138418885	0.044739075138418884	0.9745601219825593	97.45601219825592
PC341	3.669029146286177	0.00044668339464692947	0.044668339464692945	0.9750068053772062	97.50068053772061
PC342	3.6438616077512003	0.00044361939021973925	0.044361939021973926	0.9754504247674259	97.5450424767426
PC343	3.621436525983557	0.00044088926427910855	0.04408892642791085	0.975891314031705	97.5891314031705
PC344	3.598819776246166	0.00043813580385516953	0.04381358038551695	0.9763294498355602	97.63294498355603
PC345	3.568472582081945	0.00043444120586567014	0.04344412058656701	0.9767638910414259	97.67638910414259
PC346	3.558190280389536	0.0004331893942169679	0.04331893942169679	0.9771970804356429	97.7197080435643
PC347	3.5311783039593405	0.00042990083998452853	0.042990083998452853	0.9776269812756274	97.76269812756274
PC348	3.514634479299315	0.00042788672358889734	0.04278867235888974	0.9780548679992163	97.80548679992162
PC349	3.5010703139853985	0.0004262353637423545	0.04262353637423545	0.9784811033629586	97.84811033629586
PC350	3.4788126611016135	0.00042352562131442483	0.042352562131442485	0.978904628984273	97.8904628984273
PC351	3.450126991032831	0.0004200333044171837	0.04200333044171837	0.9793246622886902	97.93246622886902
PC352	3.433089032374548	0.0004179590300225419	0.041795903002254185	0.9797426213187127	97.97426213187127
PC353	3.4258680498684373	0.00041707991654322255	0.041707991654322256	0.980159701235256	98.01597012352559
PC354	3.396484575445114	0.00041350264594148406	0.04135026459414841	0.9805732038811975	98.05732038811975
PC355	3.3911887001776013	0.000412857903300365	0.0412857903300365	0.9809860617844979	98.09860617844978
PC356	3.3776256365816573	0.0004112066775817084	0.04112066775817084	0.9813972684620795	98.13972684620795
PC357	3.3517882824829304	0.00040806112692583636	0.040806112692583635	0.9818053295890053	98.18053295890053
PC358	3.347605919332138	0.0004075519480408081	0.04075519480408081	0.9822128815370461	98.2212881537046
PC359	3.308011387028386	0.0004027315393185717	0.040273153931857174	0.9826156130763647	98.26156130763647
PC360	3.297147653017164	0.0004014089415977044	0.040140894159770436	0.9830170220179624	98.30170220179623
PC361	3.293369727234021	0.00040094900065794744	0.04009490006579474	0.9834179710186203	98.34179710186203
PC362	3.26376500681033	0.0003973447946161903	0.03973447946161903	0.9838153158132364	98.38153158132364
PC363	3.2526566239666823	0.0003959924122938365	0.03959924122938365	0.9842113082255303	98.42113082255302
PC364	3.229403197647418	0.00039316144012345325	0.03931614401234532	0.9846044696656537	98.46044696656537
PC365	3.19441140946484	0.00038890138927431204	0.038890138927431206	0.984993371054928	98.4993371054928
PC366	3.190202926148405	0.0003883890304079337	0.03883890304079337	0.985381760085336	98.5381760085336
PC367	3.168770676770453	0.00038577977615418833	0.03857797761541883	0.9857675398614901	98.57675398614901
PC368	3.128469868219586	0.0003808733823228014	0.03808733823228014	0.986148413243813	98.6148413243813
PC369	3.1259929865904237	0.00038057183609622737	0.038057183609622736	0.9865289850799092	98.65289850799091
PC370	3.110175391122688	0.00037864613396714186	0.03786461339671419	0.9869076312138763	98.69076312138762
PC371	3.09897969790571	0.0003772831221042769	0.03772831221042769	0.9872849143359805	98.72849143359805
PC372	3.0731294528926614	0.0003741360020530308	0.037413600205303085	0.9876590503380336	98.76590503380336
PC373	3.0527694827849237	0.00037165729169123395	0.0371657291691234	0.9880307076297248	98.80307076297248
PC374	3.012854169454618	0.0003667978297066313	0.03667978297066313	0.9883975054594314	98.83975054594313
PC375	2.9994225505661727	0.0003651626066322201	0.03651626066322201	0.9887626680660636	98.87626680660637
PC376	2.9873793110640263	0.00036369641083794303	0.036369641083794306	0.9891263644769015	98.91263644769015
PC377	2.9674332777676247	0.00036126809492456423	0.036126809492456426	0.989487632571826	98.9487632571826
PC378	2.928642767012659	0.0003565455712450631	0.035654557124506304	0.9898441781430711	98.98441781430711
PC379	2.9151023866078853	0.0003548971070756963	0.03548971070756963	0.9901990752501468	99.01990752501469
PC380	2.90948687282306	0.0003542134502662018	0.03542134502662018	0.990553288700413	99.05532887004131
PC381	2.880515633165132	0.0003506863668984853	0.035068636689848526	0.9909039750673115	99.09039750673115
PC382	2.855956261034139	0.000347696403266015	0.0347696403266015	0.9912516714705776	99.12516714705775
PC383	2.820783974815213	0.0003434143778093173	0.03434143778093173	0.9915950858483868	99.15950858483869
PC384	2.79234668963719	0.0003399523003573789	0.03399523003573789	0.9919350381487442	99.19350381487442
PC385	2.7620508245317756	0.00033626395138834723	0.033626395138834725	0.9922713021001325	99.22713021001324
PC386	2.754043146576585	0.0003352890622202182	0.03352890622202182	0.9926065911623527	99.26065911623527
PC387	2.734879810336981	0.0003329560352141691	0.03329560352141691	0.9929395471975669	99.2939547197567
PC388	2.7237921175762696	0.0003316061717915332	0.03316061717915332	0.9932711533693585	99.32711533693585
PC389	2.7053525181210114	0.0003293612556155629	0.03293612556155629	0.993600514624974	99.3600514624974
PC390	2.6929927158799924	0.0003278565201114115	0.032785652011141156	0.9939283711450854	99.39283711450854
PC391	2.668810563006049	0.0003249124807743194	0.03249124807743194	0.9942532836258596	99.42532836258596
PC392	2.6190119221543178	0.00031884977997321775	0.031884977997321776	0.9945721334058328	99.45721334058328
PC393	2.5882350660923787	0.0003151028730956253	0.03151028730956253	0.9948872362789285	99.48872362789285
PC394	2.577199175320033	0.00031375931626993644	0.03137593162699365	0.9952009955951985	99.52009955951985
PC395	2.544731536842048	0.000309806566266248	0.030980656626624803	0.9955108021614647	99.55108021614647
PC396	2.5216879350807377	0.00030700113904034195	0.030700113904034196	0.9958178033005051	99.5817803300505
PC397	2.4917875382748114	0.00030336093608363326	0.030336093608363326	0.9961211642365887	99.61211642365888
PC398	2.4838226347859176	0.00030239125446307284	0.030239125446307285	0.9964235554910518	99.64235554910518
PC399	2.4451261134376137	0.00029768017345833784	0.029768017345833786	0.9967212356645101	99.672123566451
PC400	2.424274717146773	0.00029514163475859796	0.029514163475859796	0.9970163772992687	99.70163772992687
PC401	2.3914150755770005	0.0002911411606118814	0.02911411606118814	0.9973075184598806	99.73075184598807
PC402	2.3536559979719973	0.0002865442080419047	0.028654420804190468	0.9975940626679225	99.75940626679225
PC403	2.326282505844049	0.0002832116413329622	0.028321164133296224	0.9978772743092554	99.78772743092554
PC404	2.313362842260664	0.00028163874590012976	0.028163874590012978	0.9981589130551556	99.81589130551556
PC405	2.259443234632226	0.00027507434087274533	0.027507434087274532	0.9984339873960283	99.84339873960283
PC406	2.240381372293664	0.00027275366773601105	0.027275366773601106	0.9987067410637643	99.87067410637643
PC407	2.212733972277889	0.00026938775430228746	0.026938775430228747	0.9989761288180666	99.89761288180667
PC408	2.156687940162253	0.00026256446920866987	0.026256446920866986	0.9992386932872753	99.92386932872753
PC409	2.116956219151382	0.00025772735854296015	0.025772735854296014	0.9994964206458183	99.94964206458184
PC410	2.1137484478703934	0.0002573368306654443	0.02573368306654443	0.9997537574764838	99.97537574764837
PC411	2.022620510763174	0.0002462425235146202	0.02462425235146202	0.9999999999999983	99.99999999999983
